Workbook
Name OLE_LINK1: VIII!#REF!

Sheet VII
A1: PEMERINTAH KABUPATEN MAJALENGKA
A2: DINAS PENDIDIKAN
A3: SMP NEGERI 3 LEUWIMUNDING
A4: TERAKREDITASI “A” SK.Nomor: 1346/BAN-SM/SK/2021
A5: Alamat : Jalan Raya Parungjaya Leuwimunding Kab. Majalengka 45473 Tlp. (0233) 510066
A7: DAFTAR MURID KELAS VII A
A8: TAHUN PELAJARAN 2026 / 2027
A10: NOMOR | D10: N A M A S I S W A | E10: L / P | F10: KET
A11: URUT | B11: INDUK | C11: NISN
A12: 1 | B12: 2627.7.001 | C12: 0134010603 | D12: ADE YANI | E12: P | F12: SDN 1 BANJARAN | H12: ASIFA REGINA PUTRI | I12: P | J12: MIN 2 CIREBON | K12: A | L12: ADE YANI | M12: 0134010603 | N12: A
A13: 2 | B13: 2627.7.002 | C13: 0142420643 | D13: ALBY LUTHFI FACHRY | E13: L | F13: SDN 1 PARUNGJAYA | H13: ADE YANI | I13: P | J13: SDN 1 BANJARAN | K13: A | L13: ALBY LUTHFI FACHRY | M13: 0142420643 | N13: A
A14: 3 | B14: 2627.7.003 | C14: 0135495721 | D14: ALFILA NURI ADLINA | E14: P | F14: SDN 1 PANINGKIRAN | H14: ALBY LUTHFI FACHRY | I14: L | J14: SDN 1 PARUNGJAYA | K14: A | L14: ALFILA NURI ADLINA | M14: 0135495721 | N14: A
A15: 4 | B15: 2627.7.004 | C15: 0145973961 | D15: ALIKA LUTHFI NAFISZA | E15: P | F15: SDN 2 BANJARAN | H15: ALFILA NURI ADLINA | I15: P | J15: SDN 1 PANINGKIRAN | K15: A | L15: ALIKA LUTHFI NAFISZA | M15: 0145973961 | N15: A
A16: 5 | B16: 2627.7.005 | C16: 0131678930 | D16: ALLYSA AZZAHRA JUNAEDI | E16: P | F16: SDN 3 PRAPATAN | H16: ALIKA LUTHFI NAFISZA | I16: P | J16: SDN 2 BANJARAN | K16: A | L16: ALLYSA AZZAHRA JUNAEDI | M16: 0131678930 | N16: A
A17: 6 | B17: 2627.7.006 | C17: 3124791659 | D17: ANINDYA NUR AGUSTIN | E17: P | F17: SDN 1 PANINGKIRAN | H17: ALLYSA AZZAHRA JUNAEDI | I17: P | J17: SDN 3 PRAPATAN | K17: A | L17: ANINDYA NUR AGUSTIN | M17: 3124791659 | N17: A
A18: 7 | B18: 2627.7.007 | C18: 3141865097 | D18: APIF ALFARIZI | E18: L | F18: SDN 2 PARUNGJAYA | H18: ANINDYA NUR AGUSTIN | I18: P | J18: SDN 1 PANINGKIRAN | K18: A | L18: APIF ALFARIZI | M18: 3141865097 | N18: A
A19: 8 | B19: 2627.7.008 | C19: 0135019953 | D19: ASIFA REGINA PUTRI | E19: P | F19: MIN 2 CIREBON | H19: APIF ALFARIZI | I19: L | J19: SDN 2 PARUNGJAYA | K19: A | L19: ASIFA REGINA PUTRI | M19: 0135019953 | N19: A
A20: 9 | B20: 2627.7.009 | C20: 0122093733 | D20: AUFA RAJANA SANUM | E20: P | F20: SDN SEPAT | H20: AUFA RAJANA SANUM | I20: P | J20: SDN SEPAT | K20: A | L20: AUFA RASANA SAHUM | M20: 0122093733 | N20: A
A21: 10 | B21: 2627.7.010 | C21: 3132438371 | D21: AULIA IZZA TUNNISA | E21: P | F21: SDN 1 WALAHAR | H21: AULIA IZZA TUNNISA | I21: P | J21: SDN 1 WALAHAR | K21: A | L21: AULIA IZZA TUNNISA | M21: 3132438371 | N21: A
A22: 11 | B22: 2627.7.011 | C22: 0148675323 | D22: CAESAR SIGIT MAULANA | E22: L | F22: SDN 1 PARUNGJAYA | H22: CAESAR SIGIT MAULANA | I22: L | J22: SDN 1 PARUNGJAYA | K22: A | L22: CAESAR SIGIT MAULANA | M22: 0148675323 | N22: A
A23: 12 | B23: 2627.7.012 | C23: 3141487579 | D23: DAFFA IBNU HAFIDZ | E23: L | F23: SDN 1 KEDONGDONG | H23: DAFFA IBNU HAFIDZ | I23: L | J23: SDN 1 KEDONGDONG | K23: A | L23: DAFFA IBNU HAFIDZ | M23: 3141487579 | N23: A
... A43: 32 | B43: 2627.7.032 | C43: 0137606515 | D43: ZAHIRA AGUSTIN | E43: P | F43: SDN 3 PRAPATAN | H43: ZAHIRA AGUSTIN | I43: P | J43: SDN 3 PRAPATAN | K43: A | L43: ZAHIRA AGUSTIN | M43: 0137606515 | N43: A
A45: P | B45: 20
A46: L | B46: 12
E47: Leuwimunding, Juli 2026
E48: Wali Kelas
E50: =WLKLS!B1 -> IKA KARTIKA, S.Pd
E51: =WLKLS!C1 -> NIP. 199104112023212000
A55: PEMERINTAH KABUPATEN MAJALENGKA
A56: DINAS PENDIDIKAN
A57: SMP NEGERI 3 LEUWIMUNDING
A58: TERAKREDITASI “A” SK.Nomor: 1346/BAN-SM/SK/2021
A59: Alamat : Jalan Raya Parungjaya Leuwimunding Kab. Majalengka 45473 Tlp. (0233) 510066
A61: DAFTAR MURID KELAS VII B
A62: TAHUN PELAJARAN 2026 / 2027
A64: NOMOR | D64: N A M A S I S W A | E64: L / P | F64: KET
A65: URUT | B65: INDUK | C65: NISN
A66: 1 | B66: 262.7.033 | C66: 0133109791 | D66: AFFAN NUR ARISYAHBILA | E66: L | F66: SDN 2 BANJARAN | H66: AFFAN NUR ARISYAHBIA | I66: L | J66: SDN 2 BANJARAN | K66: B | L66: AFFAN NUR ARISYAHBIA | M66: 0133109791 | N66: B
A67: 2 | B67: 2627.7.034 | C67: 0143337147 | D67: AFIFAH AYUNDA | E67: P | F67: SDN 2 WALAHAR | H67: AFIFAH AYUNDA | I67: P | J67: SDN 2 WALAHAR | K67: B | L67: AFIFAH AYUNDA | M67: 0143337147 | N67: B
A68: 3 | B68: 2627.7.035 | C68: 0143828896 | D68: ALIFKHA DINIA AZ ZAHRA | E68: P | F68: SDN 1 GEYONGAN (PPA) | H68: ALIFKHA DINIA AZ ZAHRA | I68: P | J68: SDN 1 GEYONGAN (PPA) | K68: B | L68: ALIFKHA DINIA AZ ZAHRA | M68: 0143828896 | N68: B
A69: 4 | B69: 2627.7.036 | C69: 0138258169 | D69: ANDINI NURPIDIANINGSIH | E69: P | F69: SDN 1 PARUNGJAYA | H69: ANDINI NURPIDIANINGSIH | I69: P | J69: SDN 1 PARUNGJAYA | K69: B | L69: ANDINI NURPIDIANINGSIH | M69: 0138258169 | N69: B
A70: 5 | B70: 2627.7.037 | C70: 0132372152 | D70: ANUNG HANIN DITO HIRMAWAN | E70: L | F70: SDN 1 BANJARAN | H70: ANUNG HANIN DITO HIRMAWAN | I70: L | J70: SDN 1 BANJARAN | K70: B | L70: ANUNG HANIN DITO HIRMAWAN | M70: 0132372152 | N70: B
A71: 6 | B71: 2627.7.038 | C71: 3130659492 | D71: APRIL LIYANI | E71: P | F71: SDN 2 WALAHAR | H71: APRIL LIYANI | I71: P | J71: SDN 2 WALAHAR | K71: B | L71: APRILI YANI | M71: 3130659492 | N71: B
A72: 7 | B72: 2627.7.039 | C72: 0139886253 | D72: ARAHMAN | E72: L | F72: SDN 1 BANJARAN | H72: ARAHMAN | I72: L | J72: SDN 1 BANJARAN | K72: B | L72: ARAHMAN | M72: 0139886253 | N72: B
A73: 8 | B73: 2627.7.040 | C73: 0136370856 | D73: AZIZAH NURHATI | E73: P | F73: SDN 3 LEUWIMUNDING | H73: AZIZAH NURHATI | I73: P | J73: SDN 3 LEUWIMUNDING | K73: B | L73: AZIZAH NURHATI | M73: 0136370856 | N73: B
A74: 9 | B74: 2627.7.041 | C74: 0138761537 | D74: CANDRA | E74: L | F74: SDN 1 BANJARAN | H74: CANDRA | I74: L | J74: SDN 1 BANJARAN | K74: B | L74: CANDRA | M74: 0138761537 | N74: B
A75: 10 | B75: 2627.7.042 | C75: 3137548155 | D75: DAFA MANDALA SAPUTRA | E75: L | F75: SDN 1 PARUNGJAYA | H75: DAFA MANDALA SAPUTRA | I75: L | J75: SDN 1 PARUNGJAYA | K75: B | L75: DAFA MANDALA SAPUTRA | M75: 3137548155 | N75: B
A76: 11 | B76: 2627.7.043 | C76: 3130000839 | D76: DIMAS SAPUTRA | E76: L | F76: SDN 1 BANJARAN | H76: DIMAS SAPUTRA | I76: L | J76: SDN 1 BANJARAN | K76: B | L76: DIMAS SAPUTRA | M76: 3130000839 | N76: B
A77: 12 | B77: 2627.7.044 | C77: 0137885845 | D77: FAJA IBRAHIM | E77: L | F77: SDN 1 BANJARAN | H77: FAJA IBRAHIM | I77: L | J77: SDN 1 BANJARAN | K77: B | L77: FAJA IBRAHIM | M77: 0137885845 | N77: B
... A97: 32 | B97: 2627.7.064 | C97: 3133400247 | D97: ZIVANY SEYZA AZZAHRA | E97: P | F97: SDN 1 PANINGKIRAN | H97: ZIVANY SEYZA AZZAHRA | I97: P | J97: SDN 1 PANINGKIRAN | K97: B | L97: ZIVANY SEYZA AZZAHRA | M97: 3133400247 | N97: B
A99: P | B99: 20
A100: L | B100: 12
E101: Leuwimunding, Juli 2026
E102: Wali Kelas
E104: =WLKLS!B2 -> FATURROHMAN, S.Pd
E105: =WLKLS!C2 -> NIP. -
A109: PEMERINTAH KABUPATEN MAJALENGKA
A110: DINAS PENDIDIKAN
A111: SMP NEGERI 3 LEUWIMUNDING
A112: TERAKREDITASI “A” SK.Nomor: 1346/BAN-SM/SK/2021
A113: Alamat : Jalan Raya Parungjaya Leuwimunding Kab. Majalengka 45473 Tlp. (0233) 510066
A115: DAFTAR MURID KELAS VII C
A116: TAHUN PELAJARAN 2026 / 2027
A118: NOMOR | D118: N A M A S I S W A | E118: L / P | F118: KET
A119: URUT | B119: INDUK | C119: NISN
A120: 1 | B120: 2627.7.065 | C120: 3123100028 | D120: ABDIL AZIZ | E120: L | F120: IT TUNAS QURANI | H120: ABDIL AZIZ | I120: L | J120: IT TUNAS QURANI | K120: C | L120: ABDIL AZIZ | M120: 3123100028 | N120: C
A121: 2 | B121: 2627.7.066 | C121: 0146934791 | D121: AISYAH MAULIDIAH | E121: P | F121: SDN 1 PRAPATAN | H121: AISYAH MAULIDIAH | I121: P | J121: SDN 1 PRAPATAN | K121: C | L121: AISYAH MAULIDIAH | M121: 0146934791 | N121: C
A122: 3 | B122: 2627.7.067 | C122: 0135372042 | D122: ALICA MEILAN AZAHRA | E122: P | F122: KALIBATA 07 (PPA) | H122: ALICA MEILAN AZAHRA | I122: P | J122: KALIBATA 07 (PPA) | K122: C | L122: ALICA MEILANI AZAHRA | M122: 0135372042 | N122: C
A123: 4 | B123: 2627.7.068 | C123: 0136020141 | D123: AQILLA ZAHWA SALSABILLA | E123: P | F123: SDN 2 BANJARAN | H123: AQILLA ZAHWA SALSABILLA | I123: P | J123: SDN 2 BANJARAN | K123: C | L123: AQILLA ZAHWA SALSABILLA | M123: 0136020141 | N123: C
A124: 5 | B124: 2627.7.069 | C124: 0134091382 | D124: BELA NUR KHOFIFAH | E124: P | F124: SDN 2 BANJARAN | H124: BELA NUR KHOFIFAH | I124: P | J124: SDN 2 BANJARAN | K124: C | L124: BELA NUR KHOFIFAH | M124: 0134091382 | N124: C
A125: 6 | B125: 2627.7.070 | C125: 3136293994 | D125: DANIEL ADITYA RAFAEL | E125: L | F125: SDN 1 PANINGKIRAN | H125: DANIEL ADITYA RAFAEL | I125: L | J125: SDN 1 PANINGKIRAN | K125: C | L125: DANIEL ADITYA RAFAEL | M125: 3136293994 | N125: C
A126: 7 | B126: 2627.7.071 | C126: 0141020834 | D126: DE FANNY NUR KHALIMAH | E126: P | F126: SDN 1 PRAPATAN | H126: DE FANNY NUR KHALIMAH | I126: P | J126: SDN 1 PRAPATAN | K126: C | L126: DE FANNY NUR KHALIMAH | M126: 0141020834 | N126: C
A127: 8 | B127: 2627.7.072 | C127: 0133788862 | D127: DEA OKTAVIYA | E127: P | F127: SDN 1 PRAPATAN | H127: DEA OKTAVIYA | I127: P | J127: SDN 1 PRAPATAN | K127: C | L127: DEA OKTAVIYA | M127: 0133788862 | N127: C
A128: 9 | B128: 2627.7.073 | C128: 0136956443 | D128: DINDA AYU KUNAEFI | E128: P | F128: SDN 1 PARUNGJAYA | H128: DINDA AYU KUNAEFI | I128: P | J128: SDN 1 PARUNGJAYA | K128: C | L128: DINDA AYU KUNAEFI | M128: 0136956443 | N128: C
A129: 10 | B129: 2627.7.074 | C129: 0144541732 | D129: ERISKA PUTRI | E129: P | F129: SDN 1 PRAPATAN | H129: ERISKA PUTRI | I129: P | J129: SDN 1 PRAPATAN | K129: C | L129: ERISKA PUTRI | M129: 0144541732 | N129: C
A130: 11 | B130: 2627.7.075 | C130: 0133102823 | D130: FIRDA IZZATUNNISA | E130: P | F130: SDN 2 BANJARAN | H130: FIRDA IZZATUNNISA | I130: P | J130: SDN 2 BANJARAN | K130: C | L130: FIRDA IZZATUNNISA | M130: 0133102823 | N130: C
A131: 12 | B131: 2627.7.076 | C131: 0136187911 | D131: FITRI MARYAM | E131: P | F131: SDN 1 PARUNGJAYA | H131: FITRI MARYAM | I131: P | J131: SDN 1 PARUNGJAYA | K131: C | L131: FITRI MARYAM | M131: 0136187911 | N131: C
... A151: 32 | B151: 2627.7.096 | C151: 0131803668 | D151: WIRNA MAHARANI | E151: P | F151: SDN 1 BANJARAN | H151: WIRNA MAHARANI | I151: P | J151: SDN 1 BANJARAN | K151: C | L151: WIRNA MAHARANI | M151: 0131803668 | N151: C
A153: P | B153: 20
A154: L | B154: 12
E155: Leuwimunding, Juli 2026
E156: Wali Kelas
E158: =WLKLS!B3 -> MARLIYANI, S.Pd
E159: =WLKLS!C3 -> NIP. 199608192023212020
A163: PEMERINTAH KABUPATEN MAJALENGKA
A164: DINAS PENDIDIKAN
A165: SMP NEGERI 3 LEUWIMUNDING
A166: TERAKREDITASI “A” SK.Nomor: 1346/BAN-SM/SK/2021
A167: Alamat : Jalan Raya Parungjaya Leuwimunding Kab. Majalengka 45473 Tlp. (0233) 510066
A169: DAFTAR MURID KELAS VII D
A170: TAHUN PELAJARAN 2026 / 2027
A172: NOMOR | D172: N A M A S I S W A | E172: L / P | F172: KET
A173: URUT | B173: INDUK | C173: NISN
A174: 1 | B174: 2627.7.097 | C174: 3144894040 | D174: ALIF SURYA RAMADHAN | E174: L | F174: SDN 2 WALAHAR | H174: ALIP SURYA RAMADHAN | I174: L | J174: SDN 2 WALAHAR | K174: D | L174: ALIP SURYA RAMADHAN | M174: 3144894040 | N174: D
A175: 2 | B175: 2627.7.098 | C175: 135169646 | D175: ALYA FITRI ANJANI | E175: P | F175: SDN 1 PANINGKIRAN | H175: ALYA FITRI ANJANI | I175: P | J175: SDN 1 PANINGKIRAN | K175: D | L175: ALYA FITRI ANJANI | M175: 135169646 | N175: D
A176: 3 | B176: 2627.7.099 | C176: 3140782684 | D176: AMAD RIPALDI | E176: L | F176: SDN 2 CIPARAY | H176: AMAD RIPALDI | I176: L | J176: SDN 2 CIPARAY | K176: D | L176: AMAD RIPALDI | M176: 3140782684 | N176: D
A177: 4 | B177: 2627.7.100 | C177: 3128315006 | D177: ANNISA FAIHA WIBOWO | E177: P | F177: SDN SEPAT | H177: ANNISA FAIHA WIBOWO | I177: P | J177: SDN SEPAT | K177: D | L177: ANNISA FAIHA WIBOWO | M177: 3128315006 | N177: D
A178: 5 | B178: 2627.7.101 | C178: 0137270975 | D178: AZALYA AINUN MARWAH | E178: P | F178: SDN 1 BANJARAN | H178: AZALYA AINUN MARWAH | I178: P | J178: SDN 1 BANJARAN | K178: D | L178: AZALYA AINUN MARWAH | M178: 0137270975 | N178: D
A179: 6 | B179: 2627.7.102 | C179: 3134774571 | D179: AZIZAH MUHTAROMAH | E179: P | F179: SDN 3 PRAPATAN | H179: AZIZAH MUHTAROMAH | I179: P | J179: SDN 3 PRAPATAN | K179: D | L179: AZIZAH MUHTAROMAH | M179: 3134774571 | N179: D
A180: 7 | B180: 2627.7.103 | C180: 0131363900 | D180: DAVID LEONARDO | E180: L | F180: SDN 3 LEUWIMUNDING | H180: DAVID LEONARDO | I180: L | J180: SDN 3 LEUWIMUNDING | K180: D | L180: DAVID LEONARDO | M180: 0131363900 | N180: D
...

Sheet VIII
A1: PEMERINTAH KABUPATEN MAJALENGKA
A2: DINAS PENDIDIKAN
A3: SMP NEGERI 3 LEUWIMUNDING
A4: TERAKREDITASI “A” SK.Nomor: 1346/BAN-SM/SK/2021
A5: Alamat : Jalan Raya Parungjaya Leuwimunding Kab. Majalengka 45473 Tlp. (0233) 510066
A7: DAFTAR MURID KELAS VIII A
A8: TAHUN PELAJARAN 2026 / 2027
A10: NOMOR | D10: N A M A S I S W A | E10: L / P | F10: KELAS LAMA
A11: URUT | B11: INDUK | C11: NISN
A12: 1 | B12: 2526.7.060 | C12: 0124860827 | D12: ADAM RAMADHAN | E12: L | F12: VII C | G12: 1 | H12: 2526.7.002 | I12: 3121366237 | J12: AJI HERLAMBANG | K12: L | L12: VII A | M12: A | N12: 2526.7.002 | O12: 3121366237 | P12: AJI HERLAMBANG | Q12: L | R12: VII A | S12: A | U12: 1 | V12: 2526.7.002 | W12: 3121366237 | X12: AJI HERLAMBANG | Y12: L | Z12: VII A | AC12: 1 | AD12: 2526.7.001 | AE12: 3123204104 | AF12: ADI SAPUTRA | AG12: L | AH12: VII A
A13: 2 | B13: 2526.7.114 | C13: 3136402419 | D13: ADHELIA ZAHRA NUR HAFISYAH | E13: P | F13: VII E | G13: 2 | H13: 2526.7.016 | I13: 3127443097 | J13: KUMAEDI | K13: L | L13: VII A | M13: A | N13: 2526.7.003 | O13: 3125085140 | P13: ALDI HIDAYAT SAPUTRA | Q13: L | R13: VII A | S13: B | U13: 2 | V13: 2526.7.003 | W13: 3125085140 | X13: ALDI HIDAYAT SAPUTRA | Y13: L | Z13: VII A | AC13: 2 | AD13: 2526.7.002 | AE13: 3121366237 | AF13: AJI HERLAMBANG | AG13: L | AH13: VII A
A14: 3 | B14: 2526.7.141 | D14: AERA ZASKIA PUTRI | E14: P | F14: VII F | G14: 3 | H14: 2526.7.037 | I14: 0128530581 | J14: ASEP HERMANSYAH | K14: L | L14: VII B | M14: A | N14: 2526.7.006 | O14: 3123491428 | P14: DEDEN HAMDANI | Q14: L | R14: VII A | S14: C | U14: 3 | V14: 2526.7.006 | W14: 3123491428 | X14: DEDEN HAMDANI | Y14: L | Z14: VII A | AC14: 3 | AD14: 2526.7.003 | AE14: 3125085140 | AF14: ALDI HIDAYAT SAPUTRA | AG14: L | AH14: VII A
A15: 4 | B15: 2526.7.140 | D15: AFZAL SYAHPUTRA | E15: L | F15: VII F | G15: 4 | H15: 2526.7.047 | I15: 0126488139 | J15: MUHAMAD PADLI AL RIZKY | K15: L | L15: VII B | M15: A | N15: 2526.7.011 | O15: 3128181864 | P15: GUSTI WARDANA | Q15: L | R15: VII A | S15: D | U15: 4 | V15: 2526.7.011 | W15: 3128181864 | X15: GUSTI WARDANA | Y15: L | Z15: VII A | AC15: 4 | AD15: 2526.7.005 | AE15: 0127928792 | AF15: BENING | AG15: P | AH15: VII A
A16: 5 | B16: 2526.7.116 | C16: 3129631380 | D16: AHMAD NIZAM MUFASIR | E16: L | F16: VII E | G16: 5 | H16: 2526.7.060 | I16: 0124860827 | J16: ADAM RAMADHAN | K16: L | L16: VII C | M16: A | N16: 2526.7.014 | P16: IRWAN TRI SETIAWAN | Q16: L | R16: VII A | S16: E | U16: 5 | V16: 2526.7.014 | X16: IRWAN TRI SETIAWAN | Y16: L | Z16: VII A | AC16: 5 | AD16: 2526.7.006 | AE16: 3123491428 | AF16: DEDEN HAMDANI | AG16: L | AH16: VII A
A17: 26 | B17: 2526.7.061 | C17: 01289020075 | D17: AHMAD RIVALDI | E17: L | F17: VII C | G17: 6 | H17: 2526.7.069 | I17: 0125183340 | J17: GENGGAM JAGADT AGAMI | K17: L | L17: VII C | M17: A | N17: 2526.7.016 | O17: 3127443097 | P17: KUMAEDI | Q17: L | R17: VII A | S17: A | U17: 6 | V17: 2526.7.016 | W17: 3127443097 | X17: KUMAEDI | Y17: L | Z17: VII A | AC17: 6 | AD17: 2526.7.007 | AF17: DENIS ALNA A | AG17: L | AH17: VII A
A18: 6 | B18: 2526.7.002 | C18: 3121366237 | D18: AJI HERLAMBANG | E18: L | F18: VII A | G18: 7 | H18: 2526.7.089 | I18: 3121361780 | J18: AZAM | K18: L | L18: VII D | M18: A | N18: 2526.7.018 | O18: 0134105339 | P18: MUHAMMAD HAIQAL | Q18: L | R18: VII A | S18: B | U18: 7 | V18: 2526.7.018 | W18: 0134105339 | X18: MUHAMMAD HAIQAL | Y18: L | Z18: VII A | AC18: 7 | AD18: 2526.7.008 | AE18: 3124200897 | AF18: DHEVANO SEPTIAN | AG18: L | AH18: VII A
A19: 7 | B19: 2526.7.118 | C19: 0134649316 | D19: ALIYA NOVITASARI | E19: P | F19: VII E | G19: 8 | H19: 2526.7.116 | I19: 3129631380 | J19: AHMAD NIZAM MUFASIR | K19: L | L19: VII E | M19: A | N19: 2526.7.019 | O19: 3134527476 | P19: MUHAMMAD RIZKY | Q19: L | R19: VII A | S19: C | U19: 8 | V19: 2526.7.019 | W19: 3134527476 | X19: MUHAMMAD RIZKY | Y19: L | Z19: VII A | AC19: 8 | AD19: 2526.7.009 | AE19: 3136707471 | AF19: DZAKIYAH AFIFATUNNISA | AG19: P | AH19: VII A
A20: 8 | B20: 2526.7.062 | C20: 0129207827 | D20: ALYA OKTAVIANI | E20: P | F20: VII C | G20: 9 | H20: 2526.7.126 | I20: 0135349455 | J20: KHAYRUN KHOYYUM | K20: L | L20: VII E | M20: A | N20: 2526.7.020 | P20: MUHAMMAD ZIAN RIFKY | Q20: L | R20: VII A | S20: D | U20: 9 | V20: 2526.7.020 | X20: MUHAMMAD ZIAN RIFKY | Y20: L | Z20: VII A | AC20: 9 | AD20: 2526.7.010 | AE20: 3126969319 | AF20: FITRA ANGGRAENI | AG20: P | AH20: VII A
A21: 9 | B21: 2526.7.036 | C21: 3133689020 | D21: AQYLA PUTRI AZZAHRA | E21: P | F21: VII B | G21: 10 | H21: 2526.7.140 | J21: AFZAL SYAHPUTRA | K21: L | L21: VII F | M21: A | N21: 2526.7.027 | O21: 3131123912 | P21: RIEZKY MARSYAH FADHIELLA | Q21: L | R21: VII A | S21: E | U21: 10 | V21: 2526.7.027 | W21: 3131123912 | X21: RIEZKY MARSYAH FADHIELLA | Y21: L | Z21: VII A | AC21: 10 | AD21: 2526.7.011 | AE21: 3128181864 | AF21: GUSTI WARDANA | AG21: L | AH21: VII A
A22: 10 | B22: 2526.7.037 | C22: 0128530581 | D22: ASEP HERMANSYAH | E22: L | F22: VII B | G22: 11 | H22: 2526.7.157 | I22: 0124085399 | J22: MUHAMMAD FADILLAH | K22: L | L22: VII F | M22: A | N22: 2526.7.008 | O22: 3124200897 | P22: DHEVANO SEPTIAN | Q22: L | R22: VII A | U22: 11 | V22: 2526.7.008 | W22: 3124200897 | X22: DHEVANO SEPTIAN | Y22: L | Z22: VII A | AC22: 11 | AD22: 2526.7.012 | AE22: 127058104 | AF22: HERLITA VIANI | AG22: P | AH22: VII A
A23: 11 | B23: 2526.7.089 | C23: 3121361780 | D23: AZAM | E23: L | F23: VII D | G23: 12 | H23: 2526.7.099 | I23: 3126231610 | J23: INDRA PRAMANA | K23: L | L23: VII D | M23: A | N23: 2526.7.005 | O23: 0127928792 | P23: BENING | Q23: P | R23: VII A | S23: A | U23: 12 | V23: 2526.7.005 | W23: 0127928792 | X23: BENING | Y23: P | Z23: VII A | AC23: 12 | AD23: 2526.7.014 | AF23: IRWAN TRI SETIAWAN | AG23: L | AH23: VII A
A24: 12 | B24: 2526.7.005 | C24: 0127928792 | D24: BENING | E24: P | F24: VII A | G24: 13 | H24: 2526.7.103 | I24: 0127235926 | J24: MUHAMAD RIZKI MAULANA | K24: L | L24: VII D | M24: A | N24: 2526.7.009 | O24: 3136707471 | P24: DZAKIYAH AFIFATUNNISA | Q24: P | R24: VII A | S24: B | U24: 13 | V24: 2526.7.009 | W24: 3136707471 | X24: DZAKIYAH AFIFATUNNISA | Y24: P | Z24: VII A | AC24: 13 | AD24: 2526.7.015 | AF24: KHOERRUNISA SULISTINAR | AG24: P | AH24: VII A
A25: 13 | B25: 2526.7.092 | C25: 0135862448 | D25: CHATRINE PRISCILLIA NATASYA | E25: P | F25: VII D | G25: 14 | H25: 2526.7.028 | I25: 3133379584 | J25: RISKY ADITYA | K25: L | L25: VII A | M25: A | N25: 2526.7.012 | O25: 127058104 | P25: HERLITA VIANI | Q25: P | R25: VII A | S25: C | U25: 14 | V25: 2526.7.012 | W25: 127058104 | X25: HERLITA VIANI | Y25: P | Z25: VII A | AC25: 14 | AD25: 2526.7.016 | AE25: 3127443097 | AF25: KUMAEDI | AG25: L | AH25: VII A
A26: 14 | B26: 2526.7.097 | C26: 0139468302 | D26: FEBRI MAULIDINA PUTRI | E26: P | F26: VII D | G26: 15 | H26: 2526.7.110 | I26: 3125143544 | J26: RIO RAMADHAN | K26: L | L26: VII D | M26: B | N26: 2526.7.017 | O26: 3137724690 | P26: LISNA RAHMAWATI | Q26: P | R26: VII A | S26: D | U26: 15 | V26: 2526.7.017 | W26: 3137724690 | X26: LISNA RAHMAWATI | Y26: P | Z26: VII A | AC26: 15 | AD26: 2526.7.017 | AE26: 3137724690 | AF26: LISNA RAHMAWATI | AG26: P | AH26: VII A
A27: 15 | B27: 2526.7.069 | C27: 0125183340 | D27: GENGGAM JAGADT AGAMI | E27: L | F27: VII C | G27: 16 | H27: 2526.7.164 | I27: 0115203867 | J27: SAEFUL MAULADI | K27: L | L27: VII F | M27: A | N27: 2526.7.021 | O27: 3123599839 | P27: NAJUWA NUR WARDAHTI | Q27: P | R27: VII A | S27: E | U27: 16 | V27: 2526.7.021 | W27: 3123599839 | X27: NAJUWA NUR WARDAHTI | Y27: P | Z27: VII A | AC27: 16 | AD27: 2526.7.018 | AE27: 0134105339 | AF27: MUHAMMAD HAIQAL | AG27: L | AH27: VII A
A28: 16 | B28: 2526.7.099 | C28: 3126231610 | D28: INDRA PRAMANA | E28: L | F28: VII D | G28: 1 | H28: 2526.7.005 | I28: 0127928792 | J28: BENING | K28: P | L28: VII A | M28: A | N28: 2526.7.022 | O28: 0129643616 | P28: NAURA AUNI FAQIHAH | Q28: P | R28: VII A | S28: A | U28: 17 | V28: 2526.7.022 | W28: 0129643616 | X28: NAURA AUNI FAQIHAH | Y28: P | Z28: VII A | AC28: 17 | AD28: 2526.7.019 | AE28: 3134527476 | AF28: MUHAMMAD RIZKY | AG28: L | AH28: VII A
A29: 17 | B29: 2526.7.126 | C29: 0135349455 | D29: KHAYRUN KHOYYUM | E29: L | F29: VII E | G29: 2 | H29: 2526.7.022 | I29: 0129643616 | J29: NAURA AUNI FAQIHAH | K29: P | L29: VII A | M29: A | N29: 2526.7.023 | O29: 3132819988 | P29: NIA AMANDA | Q29: P | R29: VII A | S29: B | U29: 18 | V29: 2526.7.023 | W29: 3132819988 | X29: NIA AMANDA | Y29: P | Z29: VII A | AC29: 18 | AD29: 2526.7.020 | AF29: MUHAMMAD ZIAN RIFKY | AG29: L | AH29: VII A
A30: 18 | B30: 2526.7.016 | C30: 3127443097 | D30: KUMAEDI | E30: L | F30: VII A | G30: 3 | H30: 2526.7.030 | I30: 0122367887 | J30: SERINA AFIKA SARI | K30: P | L30: VII A | M30: A | N30: 2526.7.024 | O30: 0127200054 | P30: NUR ATIKA | Q30: P | R30: VII A | S30: C | U30: 19 | V30: 2526.7.024 | W30: 0127200054 | X30: NUR ATIKA | Y30: P | Z30: VII A | AC30: 19 | AD30: 2526.7.021 | AE30: 3123599839 | AF30: NAJUWA NUR WARDAHTI | AG30: P | AH30: VII A
A31: 19 | B31: 2526.7.100 | C31: 0136766678 | D31: MADONA ARLINA | E31: P | F31: VII D | G31: 4 | H31: 2526.7.036 | I31: 3133689020 | J31: AQYLA PUTRI AZZAHRA | K31: P | L31: VII B | M31: A | N31: 2526.7.025 | O31: 0128202184 | P31: PRADITA DESVINTA ANGGRAINI | Q31: P | R31: VII A | S31: D | U31: 20 | V31: 2526.7.025 | W31: 0128202184 | X31: PRADITA DESVINTA ANGGRAINI | Y31: P | Z31: VII A | AC31: 20 | AD31: 2526.7.022 | AE31: 0129643616 | AF31: NAURA AUNI FAQIHAH | AG31: P | AH31: VII A
A32: 20 | B32: 2526.7.127 | C32: 0127506086 | D32: MARWAH KURNIASIH | E32: P | F32: VII E | G32: 5 | H32: 2526.7.062 | I32: 0129207827 | J32: ALYA OKTAVIANI | K32: P | L32: VII C | M32: A | N32: 2526.7.029 | O32: 0103025386 | P32: SALSABILAH RAHAYU | Q32: P | R32: VII A | S32: E | U32: 21 | V32: 2526.7.029 | W32: 0103025386 | X32: SALSABILAH RAHAYU | Y32: P | Z32: VII A | AC32: 21 | AD32: 2526.7.023 | AE32: 3132819988 | AF32: NIA AMANDA | AG32: P | AH32: VII A
A33: 21 | B33: 2526.7.047 | C33: 0126488139 | D33: MUHAMAD PADLI AL RIZKY | E33: L | F33: VII B | G33: 6 | H33: 2526.7.078 | J33: NAFILLA USWATUN HASANAH | K33: P | L33: VII C | M33: A | N33: 2526.7.030 | O33: 0122367887 | P33: SERINA AFIKA SARI | Q33: P | R33: VII A | S33: A | U33: 22 | V33: 2526.7.030 | W33: 0122367887 | X33: SERINA AFIKA SARI | Y33: P | Z33: VII A | AC33: 22 | AD33: 2526.7.024 | AE33: 0127200054 | AF33: NUR ATIKA | AG33: P | AH33: VII A
A34: 22 | B34: 2526.7.103 | C34: 0127235926 | D34: MUHAMAD RIZKI MAULANA | E34: L | F34: VII D | G34: 7 | H34: 2526.7.088 | I34: 0124934991 | J34: AURA OKTAVIA | K34: P | L34: VII D | M34: E | N34: 2526.7.031 | O34: 0128219250 | P34: SIFFANI NUR AFINAH | Q34: P | R34: VII A | S34: B | U34: 23 | V34: 2526.7.031 | W34: 0128219250 | X34: SIFFANI NUR AFINAH | Y34: P | Z34: VII A | AC34: 23 | AD34: 2526.7.025 | AE34: 0128202184 | AF34: PRADITA DESVINTA ANGGRAINI | AG34: P | AH34: VII A
A35: 23 | B35: 2526.7.157 | C35: 0124085399 | D35: MUHAMMAD FADILLAH | E35: L | F35: VII F | G35: 8 | H35: 2526.7.100 | I35: 0136766678 | J35: MADONA ARLINA | K35: P | L35: VII D | M35: A | N35: 2526.7.167 | O35: 0133647456 | P35: FEBBY NUR HAYATI PUTRI | Q35: P | R35: VII A | S35: C | U35: 24 | V35: 2526.7.167 | W35: 0133647456 | X35: FEBBY NUR HAYATI PUTRI | Y35: P | Z35: VII A | AC35: 24 | AD35: 2526.7.026 | AE35: 3124785721 | AF35: RENATA SASKIA NURVITRI | AG35: P | AH35: VII A
A36: 24 | B36: 2526.7.078 | D36: NAFILLA USWATUN HASANAH | E36: P | F36: VII C | G36: 9 | H36: 2526.7.114 | I36: 3136402419 | J36: ADHELIA ZAHRA NUR HAFISYAH | K36: P | L36: VII E | M36: A | N36: 2526.7.168 | O36: 0121941284 | P36: BEBBY BALQIS KAYLA PUTRI | Q36: P | R36: VII A | S36: D | U36: 25 | V36: 2526.7.168 | W36: 0121941284 | X36: BEBBY BALQIS KAYLA PUTRI | Y36: P | Z36: VII A | AC36: 25 | AD36: 2526.7.027 | AE36: 3131123912 | AF36: RIEZKY MARSYAH FADHIELLA | AG36: L | AH36: VII A
A37: 25 | B37: 2526.7.022 | C37: 0129643616 | D37: NAURA AUNI FAQIHAH | E37: P | F37: VII A | G37: 10 | H37: 2526.7.127 | I37: 0127506086 | J37: MARWAH KURNIASIH | K37: P | L37: VII E | M37: A | N37: 2526.7.033 | O37: 3124279636 | P37: ABOY YOPAN FARIZI | Q37: L | R37: VII B | U37: 26 | V37: 2526.7.033 | W37: 3124279636 | X37: ABOY YOPAN FARIZI | Y37: L | Z37: VII B | AC37: 26 | AD37: 2526.7.028 | AE37: 3133379584 | AF37: RISKY ADITYA | AG37: L | AH37: VII A
A38: 27 | B38: 2526.7.028 | C38: 3133379584 | D38: RISKY ADITYA | E38: L | F38: VII A | G38: 11 | H38: 2526.7.141 | J38: AERA ZASKIA PUTRI | K38: P | L38: VII F | M38: A | N38: 2526.7.037 | O38: 0128530581 | P38: ASEP HERMANSYAH | Q38: L | R38: VII B | S38: A | U38: 27 | V38: 2526.7.037 | W38: 0128530581 | X38: ASEP HERMANSYAH | Y38: L | Z38: VII B | AC38: 27 | AD38: 2526.7.029 | AE38: 0103025386 | AF38: SALSABILAH RAHAYU | AG38: P | AH38: VII A
A39: 28 | B39: 2526.7.164 | C39: 0115203867 | D39: SAEFUL MAULADI | E39: L | F39: VII F | G39: 12 | H39: 2526.7.118 | I39: 0134649316 | J39: ALIYA NOVITASARI | K39: P | L39: VII E | M39: A | N39: 2526.7.039 | O39: 0125286348 | P39: FAHRI DAIRUL ANWAR | Q39: L | R39: VII B | S39: B | U39: 28 | V39: 2526.7.039 | W39: 0125286348 | X39: FAHRI DAIRUL ANWAR | Y39: L | Z39: VII B | AC39: 28 | AD39: 2526.7.030 | AE39: 0122367887 | AF39: SERINA AFIKA SARI | AG39: P | AH39: VII A
A40: 29 | B40: 2526.7.165 | C40: 3131684734 | D40: SASKIA NURUL SALSABILA | E40: P | F40: VII F | G40: 13 | H40: 2526.7.092 | I40: 0135862448 | J40: CHATRINE PRISCILLIA NATASYA | K40: P | L40: VII D | M40: A | N40: 2526.7.041 | P40: GALANG SAPUTRA | Q40: L | R40: VII B | S40: C | U40: 29 | V40: 2526.7.041 | X40: GALANG SAPUTRA | Y40: L | Z40: VII B | AC40: 29 | AD40: 2526.7.031 | AE40: 0128219250 | AF40: SIFFANI NUR AFINAH | AG40: P | AH40: VII A
A41: 30 | B41: 2526.7.030 | C41: 0122367887 | D41: SERINA AFIKA SARI | E41: P | F41: VII A | G41: 14 | H41: 2526.7.083 | I41: 0128672217 | J41: TASYA NABILA | K41: P | L41: VII C | M41: A | N41: 2526.7.044 | O41: 3126174300 | P41: MOCHAMAD FABRIZIO | Q41: L | R41: VII B | S41: D | U41: 30 | V41: 2526.7.044 | W41: 3126174300 | X41: MOCHAMAD FABRIZIO | Y41: L | Z41: VII B | AC41: 30 | AD41: 2526.7.032 | AE41: 3123952029 | AF41: YAKUB NURAROFA | AG41: L | AH41: VII A
A42: 31 | B42: 2526.7.083 | C42: 0128672217 | D42: TASYA NABILA | E42: P | F42: VII C | G42: 15 | H42: 2526.7.113 | I42: 0124370054 | J42: TRI MULYA DEWI | K42: P | L42: VII D | M42: A | N42: 2526.7.046 | O42: 0122528964 | P42: MUHAMAD AREL | Q42: L | R42: VII B | S42: E | U42: 31 | V42: 2526.7.046 | W42: 0122528964 | X42: MUHAMAD AREL | Y42: L | Z42: VII B | AC42: 31 | AD42: 2526.7.167 | AE42: 0133647456 | AF42: FEBBY NUR HAYATI PUTRI | AG42: P | AH42: VII A
A43: 32 | B43: 2526.7.113 | C43: 0124370054 | D43: TRI MULYA DEWI | E43: P | F43: VII D | G43: 16 | H43: 2526.7.165 | I43: 3131684734 | J43: SASKIA NURUL SALSABILA | K43: P | L43: VII F | M43: A | N43: 2526.7.047 | O43: 0126488139 | P43: MUHAMAD PADLI AL RIZKY | Q43: L | R43: VII B | S43: A | U43: 32 | V43: 2526.7.047 | W43: 0126488139 | X43: MUHAMAD PADLI AL RIZKY | Y43: L | Z43: VII B | AC43: 32 | AD43: 2526.7.168 | AE43: 0121941284 | AF43: BEBBY BALQIS KAYLA PUTRI | AG43: P | AH43: VII A
A44: P | B44: 16 | G44: 1 | H44: 2526.7.003 | I44: 3125085140 | J44: ALDI HIDAYAT SAPUTRA | K44: L | L44: VII A | M44: B | N44: 2526.7.048 | O44: 3138486290 | P44: MUHAMAD RIVAL PANGESTU | Q44: L | R44: VII B | S44: B | U44: 33 | V44: 2526.7.048 | W44: 3138486290 | X44: MUHAMAD RIVAL PANGESTU | Y44: L | Z44: VII B | AC44: 33 | AD44: 2526.7.033 | AE44: 3124279636 | AF44: ABOY YOPAN FARIZI | AG44: L | AH44: VII B
A45: L | B45: 16 | G45: 2 | H45: 2526.7.018 | I45: 0134105339 | J45: MUHAMMAD HAIQAL | K45: L | L45: VII A | M45: B | N45: 2526.7.049 | O45: 3135832505 | P45: MUHAMMAD DAFFA IBNU SAEFULLAH | Q45: L | R45: VII B | S45: C | U45: 34 | V45: 2526.7.049 | W45: 3135832505 | X45: MUHAMMAD DAFFA IBNU SAEFULLAH | Y45: L | Z45: VII B | AC45: 34 | AD45: 2526.7.035 | AE45: 3128417868 | AF45: AMANDA AMANATHUL JANNAH | AG45: P | AH45: VII B
E46: Leuwimunding, Juli 2026 | G46: 3 | H46: 2526.7.039 | I46: 0125286348 | J46: FAHRI DAIRUL ANWAR | K46: L | L46: VII B | M46: B | N46: 2526.7.052 | O46: 3136368036 | P46: RAEES AQILA WIRATAMA | Q46: L | R46: VII B | S46: D | U46: 35 | V46: 2526.7.052 | W46: 3136368036 | X46: RAEES AQILA WIRATAMA | Y46: L | Z46: VII B | AC46: 35 | AD46: 2526.7.036 | AE46: 3133689020 | AF46: AQYLA PUTRI AZZAHRA | AG46: P | AH46: VII B
E47: Wali Kelas | G47: 4 | H47: 2526.7.048 | I47: 3138486290 | J47: MUHAMAD RIVAL PANGESTU | K47: L | L47: VII B | M47: B | N47: 2526.7.057 | O47: 3129561340 | P47: TEDI KRISHTYADI | Q47: L | R47: VII B | S47: E | U47: 36 | V47: 2526.7.057 | W47: 3129561340 | X47: TEDI KRISHTYADI | Y47: L | Z47: VII B | AC47: 36 | AD47: 2526.7.037 | AE47: 0128530581 | AF47: ASEP HERMANSYAH | AG47: L | AH47: VII B
G48: 5 | H48: 2526.7.061 | I48: 01289020075 | J48: AHMAD RIVALDI | K48: L | L48: VII C | M48: A | N48: 2526.7.036 | O48: 3133689020 | P48: AQYLA PUTRI AZZAHRA | Q48: P | R48: VII B | S48: A | U48: 37 | V48: 2526.7.036 | W48: 3133689020 | X48: AQYLA PUTRI AZZAHRA | Y48: P | Z48: VII B | AC48: 37 | AD48: 2526.7.039 | AE48: 0125286348 | AF48: FAHRI DAIRUL ANWAR | AG48: L | AH48: VII B
E49: =WLKLS!B7 -> RINA PARISYANA | G49: 6 | H49: 2526.7.072 | I49: 0123139846 | J49: LUTHFY INDRAYANA | K49: L | L49: VII C | M49: B | N49: 2526.7.042 | O49: 0124154970 | P49: JUWITA AYUNINGTYAS | Q49: P | R49: VII B | S49: B | U49: 38 | V49: 2526.7.042 | W49: 0124154970 | X49: JUWITA AYUNINGTYAS | Y49: P | Z49: VII B | AC49: 38 | AD49: 2526.7.040 | AE49: 3122058030 | AF49: FAHRIANSYAH | AG49: L | AH49: VII B
E50: =WLKLS!C7 -> NIP.199209072024212041 | G50: 7 | H50: 2526.7.096 | I50: 3119824822 | J50: FAZRI ROMADHON NUR IHSANI | K50: L | L50: VII D | M50: B | N50: 2526.7.043 | O50: 3125430418 | P50: MARWAH ZAHIRA PUTRI | Q50: P | R50: VII B | S50: C | U50: 39 | V50: 2526.7.043 | W50: 3125430418 | X50: MARWAH ZAHIRA PUTRI | Y50: P | Z50: VII B | AC50: 39 | AD50: 2526.7.041 | AF50: GALANG SAPUTRA | AG50: L | AH50: VII B
G51: 8 | H51: 2526.7.120 | I51: 0129374978 | J51: ASEP RIANSAH | K51: L | L51: VII E | M51: B | N51: 2526.7.051 | O51: 0134238421 | P51: NADIA ANGGRAENI | Q51: P | R51: VII B | S51: D | U51: 40 | V51: 2526.7.051 | W51: 0134238421 | X51: NADIA ANGGRAENI | Y51: P | Z51: VII B | AC51: 40 | AD51: 2526.7.042 | AE51: 0124154970 | AF51: JUWITA AYUNINGTYAS | AG51: P | AH51: VII B
A52: PEMERINTAH KABUPATEN MAJALENGKA | G52: 9 | H52: 2526.7.129 | I52: 3135535697 | J52: MUSLIMAN | K52: L | L52: VII E | M52: B | N52: 2526.7.053 | O52: 0122325635 | P52: RIZQI AULIA DAVINA HARIS | Q52: P | R52: VII B | S52: E | U52: 41 | V52: 2526.7.053 | W52: 0122325635 | X52: RIZQI AULIA DAVINA HARIS | Y52: P | Z52: VII B | AC52: 41 | AD52: 2526.7.043 | AE52: 3125430418 | AF52: MARWAH ZAHIRA PUTRI | AG52: P | AH52: VII B
A53: DINAS PENDIDIKAN | G53: 10 | H53: 2526.7.142 | I53: 0128428658 | J53: AHMAD FAISAL | K53: L | L53: VII F | M53: B | N53: 2526.7.055 | O53: 0138968990 | P53: SILPI NURYANTI | Q53: P | R53: VII B | U53: 42 | V53: 2526.7.055 | W53: 0138968990 | X53: SILPI NURYANTI | Y53: P | Z53: VII B | AC53: 42 | AD53: 2526.7.044 | AE53: 3126174300 | AF53: MOCHAMAD FABRIZIO | AG53: L | AH53: VII B
A54: SMP NEGERI 3 LEUWIMUNDING | G54: 11 | H54: 2526.7.158 | I54: 135355505 | J54: MUHAMMAD FAISAL RAMADAN | K54: L | L54: VII F | M54: B | N54: 2526.7.056 | O54: 3122192374 | P54: SISKA NATALIA | Q54: P | R54: VII B | U54: 43 | V54: 2526.7.056 | W54: 3122192374 | X54: SISKA NATALIA | Y54: P | Z54: VII B | AC54: 43 | AD54: 2526.7.046 | AE54: 0122528964 | AF54: MUHAMAD AREL | AG54: L | AH54: VII B
A55: TERAKREDITASI “A” SK.Nomor: 1346/BAN-SM/SK/2021 | G55: 12 | H55: 2526.7.087 | I55: 0112224088 | J55: AGUSTIAN RAMADANI | K55: L | L55: VII D | M55: B | N55: 2526.7.059 | O55: 0133099571 | P55: YUWEST AL LITH | Q55: P | R55: VII B | U55: 44 | V55: 2526.7.059 | W55: 0133099571 | X55: YUWEST AL LITH | Y55: P | Z55: VII B | AC55: 44 | AD55: 2526.7.047 | AE55: 0126488139 | AF55: MUHAMAD PADLI AL RIZKY | AG55: L | AH55: VII B
A56: Alamat : Jalan Raya Parungjaya Leuwimunding Kab. Majalengka 45473 Tlp. (0233) 510066 | G56: 13 | H56: 2526.7.032 | I56: 3123952029 | J56: YAKUB NURAROFA | K56: L | L56: VII A | M56: B | N56: 2526.7.060 | O56: 0124860827 | P56: ADAM RAMADHAN | Q56: L | R56: VII C | S56: A | U56: 45 | V56: 2526.7.060 | W56: 0124860827 | X56: ADAM RAMADHAN | Y56: L | Z56: VII C | AC56: 45 | AD56: 2526.7.048 | AE56: 3138486290 | AF56: MUHAMAD RIVAL PANGESTU | AG56: L | AH56: VII B
G57: 14 | H57: 2526.7.007 | J57: DENIS ALNA A | K57: L | L57: VII A | M57: B | N57: 2526.7.061 | O57: 01289020075 | P57: AHMAD RIVALDI | Q57: L | R57: VII C | S57: B | U57: 46 | V57: 2526.7.061 | W57: 01289020075 | X57: AHMAD RIVALDI | Y57: L | Z57: VII C | AC57: 46 | AD57: 2526.7.049 | AE57: 3135832505 | AF57: MUHAMMAD DAFFA IBNU SAEFULLAH | AG57: L | AH57: VII B
A58: DAFTAR MURID KELAS VIII B | G58: 15 | H58: 2526.7.169 | J58: RAIHAN YUDHA PRATAMA | K58: L | L58: VII E | M58: B | N58: 2526.7.066 | O58: 3127916562 | P58: BANGBANG NUR SAID | Q58: L | R58: VII C | S58: C | U58: 47 | V58: 2526.7.066 | W58: 3127916562 | X58: BANGBANG NUR SAID | Y58: L | Z58: VII C | AC58: 47 | AD58: 2526.7.050 | AF58: MUHAMMAD KHAERUL NIZAM | AG58: L | AH58: VII B
A59: TAHUN PELAJARAN 2026 / 2027 | G59: 16 | H59: 2526.7.166 | I59: 0125958827 | J59: TRISTAN SATRIO | K59: L | L59: VII F | M59: B | N59: 2526.7.067 | O59: 3126312642 | P59: FAISAL SALMAN | Q59: L | R59: VII C | S59: D | U59: 48 | V59: 2526.7.067 | W59: 3126312642 | X59: FAISAL SALMAN | Y59: L | Z59: VII C | AC59: 48 | AD59: 2526.7.051 | AE59: 0134238421 | AF59: NADIA ANGGRAENI | AG59: P | AH59: VII B
G60: 1 | H60: 2526.7.009 | I60: 3136707471 | J60: DZAKIYAH AFIFATUNNISA | K60: P | L60: VII A | M60: B | N60: 2526.7.068 | O60: 0122311736 | P60: GATAN AFGANI | Q60: L | R60: VII C | S60: E | U60: 49 | V60: 2526.7.068 | W60: 0122311736 | X60: GATAN AFGANI | Y60: L | Z60: VII C | AC60: 49 | AD60: 2526.7.052 | AE60: 3136368036 | AF60: RAEES AQILA WIRATAMA | AG60: L | AH60: VII B
A61: NOMOR | D61: N A M A S I S W A | E61: L / P | F61: KELAS LAMA | G61: 2 | H61: 2526.7.023 | I61: 3132819988 | J61: NIA AMANDA | K61: P | L61: VII A | M61: B | N61: 2526.7.069 | O61: 0125183340 | P61: GENGGAM JAGADT AGAMI | Q61: L | R61: VII C | S61: A | U61: 50 | V61: 2526.7.069 | W61: 0125183340 | X61: GENGGAM JAGADT AGAMI | Y61: L | Z61: VII C | AC61: 50 | AD61: 2526.7.053 | AE61: 0122325635 | AF61: RIZQI AULIA DAVINA HARIS | AG61: P | AH61: VII B
A62: URUT | B62: INDUK | C62: NISN | G62: 3 | H62: 2526.7.031 | I62: 0128219250 | J62: SIFFANI NUR AFINAH | K62: P | L62: VII A | M62: B | N62: 2526.7.072 | O62: 0123139846 | P62: LUTHFY INDRAYANA | Q62: L | R62: VII C | S62: B | U62: 51 | V62: 2526.7.072 | W62: 0123139846 | X62: LUTHFY INDRAYANA | Y62: L | Z62: VII C | AC62: 51 | AD62: 2526.7.054 | AE62: 0113655765 | AF62: SANDI PRANANTA PUTRA | AG62: L | AH62: VII B
A63: 1 | B63: 2526.7.115 | C63: 3134136685 | D63: ADIBA NURJAYANI | E63: P | F63: VII E | G63: 4 | H63: 2526.7.042 | I63: 0124154970 | J63: JUWITA AYUNINGTYAS | K63: P | L63: VII B | M63: B | N63: 2526.7.073 | O63: 3128813175 | P63: MUHAMAD FATHIR ALGHIFAHRI | Q63: L | R63: VII C | S63: C | U63: 52 | V63: 2526.7.073 | W63: 3128813175 | X63: MUHAMAD FATHIR ALGHIFAHRI | Y63: L | Z63: VII C | AC63: 52 | AD63: 2526.7.055 | AE63: 0138968990 | AF63: SILPI NURYANTI | AG63: P | AH63: VII B
A64: 2 | B64: 2526.7.087 | C64: 0112224088 | D64: AGUSTIAN RAMADANI | E64: L | F64: VII D | G64: 5 | H64: 2526.7.064 | I64: 3124018568 | J64: ANGEL LINA | K64: P | L64: VII C | M64: B | N64: 2526.7.074 | O64: 3122761337 | P64: MUHAMAD RIZKY | Q64: L | R64: VII C | S64: D | U64: 53 | V64: 2526.7.074 | W64: 3122761337 | X64: MUHAMAD RIZKY | Y64: L | Z64: VII C | AC64: 53 | AD64: 2526.7.056 | AE64: 3122192374 | AF64: SISKA NATALIA | AG64: P | AH64: VII B
A65: 3 | B65: 2526.7.142 | C65: 0128428658 | D65: AHMAD FAISAL | E65: L | F65: VII F | G65: 6 | H65: 2526.7.079 | I65: 3124279651 | J65: PUTRI DEBI ARESTA | K65: P | L65: VII C | M65: B | N65: 2526.7.075 | O65: 3123488646 | P65: MUHAMMAD DARREN AL HABSYI | Q65: L | R65: VII C | S65: E | U65: 54 | V65: 2526.7.075 | W65: 3123488646 | X65: MUHAMMAD DARREN AL HABSYI | Y65: L | Z65: VII C | AC65: 54 | AD65: 2526.7.057 | AE65: 3129561340 | AF65: TEDI KRISHTYADI | AG65: L | AH65: VII B
A66: 4 | B66: 2526.7.143 | C66: 0138502903 | D66: AIRIN PRISILIA MEPIRAHMAWATI | E66: P | F66: VII F | G66: 7 | H66: 2526.7.093 | I66: 0135721992 | J66: DEWI NUR ASKIA | K66: P | L66: VII D | M66: B | N66: 2526.7.076 | O66: 0129488172 | P66: MUHAMMAD ROHMAT MAULANA KHAKIM | Q66: L | R66: VII C | U66: 55 | V66: 2526.7.076 | W66: 0129488172 | X66: MUHAMMAD ROHMAT MAULANA KHAKIM | Y66: L | Z66: VII C | AC66: 55 | AD66: 2526.7.058 | AE66: 0134444892 | AF66: WILDA | AG66: P | AH66: VII B
A67: 5 | B67: 2526.7.003 | C67: 3125085140 | D67: ALDI HIDAYAT SAPUTRA | E67: L | F67: VII A | G67: 8 | H67: 2526.7.101 | I67: 0125907777 | J67: MAENISHA ENZELIKA | K67: P | L67: VII D | M67: B | N67: 2526.7.077 | O67: 0123715535 | P67: NADHIF MUSFIQ FAUZAN | Q67: L | R67: VII C | U67: 56 | V67: 2526.7.077 | W67: 0123715535 | X67: NADHIF MUSFIQ FAUZAN | Y67: L | Z67: VII C | AC67: 56 | AD67: 2526.7.059 | AE67: 0133099571 | AF67: YUWEST AL LITH | AG67: P | AH67: VII B
A68: 6 | B68: 2526.7.119 | C68: 0127539676 | D68: AMALLIAH | E68: P | F68: VII E | G68: 9 | H68: 2526.7.115 | I68: 3134136685 | J68: ADIBA NURJAYANI | K68: P | L68: VII E | M68: B | N68: 2526.7.081 | O68: 0129363316 | P68: RAPPA DWI PRASETYA | Q68: L | R68: VII C | U68: 57 | V68: 2526.7.081 | W68: 0129363316 | X68: RAPPA DWI PRASETYA | Y68: L | Z68: VII C | AC68: 57 | AD68: 2526.7.060 | AE68: 0124860827 | AF68: ADAM RAMADHAN | AG68: L | AH68: VII C
A69: 7 | B69: 2526.7.064 | C69: 3124018568 | D69: ANGEL LINA | E69: P | F69: VII C | G69: 10 | H69: 2526.7.128 | I69: 0114310327 | J69: MEILANI | K69: P | L69: VII E | M69: B | N69: 2526.7.086 | O69: 0135367806 | P69: YOGI PRASETYO | Q69: L | R69: VII C | U69: 58 | V69: 2526.7.086 | W69: 0135367806 | X69: YOGI PRASETYO | Y69: L | Z69: VII C | AC69: 58 | AD69: 2526.7.061 | AE69: 01289020075 | AF69: AHMAD RIVALDI | AG69: L | AH69: VII C
A70: 8 | B70: 2526.7.148 | D70: DELA PUSPITASARI | E70: P | F70: VII F | G70: 11 | H70: 2526.7.143 | I70: 0138502903 | J70: AIRIN PRISILIA MEPIRAHMAWATI | K70: P | L70: VII F | M70: B | N70: 2526.7.062 | O70: 0129207827 | P70: ALYA OKTAVIANI | Q70: P | R70: VII C | S70: A | U70: 59 | V70: 2526.7.062 | W70: 0129207827 | X70: ALYA OKTAVIANI | Y70: P | Z70: VII C | AC70: 59 | AD70: 2526.7.062 | AE70: 0129207827 | AF70: ALYA OKTAVIANI | AG70: P | AH70: VII C
A71: 9 | B71: 2526.7.149 | D71: DELI PUSPITASARI | E71: P | F71: VII F | G71: 12 | H71: 2526.7.154 | J71: MEGA SUDRAJAT | K71: P | L71: VII F | M71: B | N71: 2526.7.064 | O71: 3124018568 | P71: ANGEL LINA | Q71: P | R71: VII C | S71: B | U71: 60 | V71: 2526.7.064 | W71: 3124018568 | X71: ANGEL LINA | Y71: P | Z71: VII C | AC71: 60 | AD71: 2526.7.063 | AE71: 0138626397 | AF71: ANDIKA ALFARIZ | AG71: L | AH71: VII C
A72: 10 | B72: 2526.7.007 | D72: DENIS ALNA A | E72: L | F72: VII A | G72: 13 | H72: 2526.7.119 | I72: 0127539676 | J72: AMALLIAH | K72: P | L72: VII E | M72: B | N72: 2526.7.065 | O72: 0126575647 | P72: ANGGUN | Q72: P | R72: VII C | S72: C | U72: 61 | V72: 2526.7.065 | W72: 0126575647 | X72: ANGGUN | Y72: P | Z72: VII C | AC72: 61 | AD72: 2526.7.064 | AE72: 3124018568 | AF72: ANGEL LINA | AG72: P | AH72: VII C
A73: 11 | B73: 2526.7.093 | C73: 0135721992 | D73: DEWI NUR ASKIA | E73: P | F73: VII D | G73: 14 | H73: 2526.7.026 | I73: 3124785721 | J73: RENATA SASKIA NURVITRI | K73: P | L73: VII A | M73: B | N73: 2526.7.070 | O73: 3124241327 | P73: GISKA AFRILIA | Q73: P | R73: VII C | S73: D | U73: 62 | V73: 2526.7.070 | W73: 3124241327 | X73: GISKA AFRILIA | Y73: P | Z73: VII C | AC73: 62 | AD73: 2526.7.065 | AE73: 0126575647 | AF73: ANGGUN | AG73: P | AH73: VII C
A74: 12 | B74: 2526.7.009 | C74: 3136707471 | D74: DZAKIYAH AFIFATUNNISA | E74: P | F74: VII A | G74: 15 | H74: 2526.7.148 | J74: DELA PUSPITASARI | K74: P | L74: VII F | M74: B | N74: 2526.7.071 | O74: 0139890219 | P74: JIHAN MAOLIDA | Q74: P | R74: VII C | S74: E | U74: 63 | V74: 2526.7.071 | W74: 0139890219 | X74: JIHAN MAOLIDA | Y74: P | Z74: VII C | AC74: 63 | AD74: 2526.7.066 | AE74: 3127916562 | AF74: BANGBANG NUR SAID | AG74: L | AH74: VII C
A75: 13 | B75: 2526.7.039 | C75: 0125286348 | D75: FAHRI DAIRUL ANWAR | E75: L | F75: VII B | G75: 16 | H75: 2526.7.149 | J75: DELI PUSPITASARI | K75: P | L75: VII F | M75: B | N75: 2526.7.078 | P75: NAFILLA USWATUN HASANAH | Q75: P | R75: VII C | S75: A | U75: 64 | V75: 2526.7.078 | X75: NAFILLA USWATUN HASANAH | Y75: P | Z75: VII C | AC75: 64 | AD75: 2526.7.067 | AE75: 3126312642 | AF75: FAISAL SALMAN | AG75: L | AH75: VII C
A76: 14 | B76: 2526.7.096 | C76: 3119824822 | D76: FAZRI ROMADHON NUR IHSANI | E76: L | F76: VII D | G76: 1 | H76: 2526.7.006 | I76: 3123491428 | J76: DEDEN HAMDANI | K76: L | L76: VII A | M76: C | N76: 2526.7.079 | O76: 3124279651 | P76: PUTRI DEBI ARESTA | Q76: P | R76: VII C | S76: B | U76: 65 | V76: 2526.7.079 | W76: 3124279651 | X76: PUTRI DEBI ARESTA | Y76: P | Z76: VII C | AC76: 65 | AD76: 2526.7.068 | AE76: 0122311736 | AF76: GATAN AFGANI | AG76: L | AH76: VII C
A77: 15 | B77: 2526.7.042 | C77: 0124154970 | D77: JUWITA AYUNINGTYAS | E77: P | F77: VII B | G77: 2 | H77: 2526.7.019 | I77: 3134527476 | J77: MUHAMMAD RIZKY | K77: L | L77: VII A | M77: C | N77: 2526.7.082 | O77: 0122866858 | P77: SRI AMELIA GHITA | Q77: P | R77: VII C | S77: C | U77: 66 | V77: 2526.7.082 | W77: 0122866858 | X77: SRI AMELIA GHITA | Y77: P | Z77: VII C | AC77: 66 | AD77: 2526.7.069 | AE77: 0125183340 | AF77: GENGGAM JAGADT AGAMI | AG77: L | AH77: VII C
A78: 16 | B78: 2526.7.072 | C78: 0123139846 | D78: LUTHFY INDRAYANA | E78: L | F78: VII C | G78: 3 | H78: 2526.7.041 | J78: GALANG SAPUTRA | K78: L | L78: VII B | M78: C | N78: 2526.7.084 | O78: 0122394322 | P78: VIONA DWI OKTORA | Q78: P | R78: VII C | S78: D | U78: 67 | V78: 2526.7.084 | W78: 0122394322 | X78: VIONA DWI OKTORA | Y78: P | Z78: VII C | AC78: 67 | AD78: 2526.7.070 | AE78: 3124241327 | AF78: GISKA AFRILIA | AG78: P | AH78: VII C
A79: 17 | B79: 2526.7.101 | C79: 0125907777 | D79: MAENISHA ENZELIKA | E79: P | F79: VII D | G79: 4 | H79: 2526.7.049 | I79: 3135832505 | J79: MUHAMMAD DAFFA IBNU SAEFULLAH | K79: L | L79: VII B | M79: C | N79: 2526.7.085 | O79: 3132927281 | P79: VITANIA VALESA PUTRI | Q79: P | R79: VII C | S79: E | U79: 68 | V79: 2526.7.085 | W79: 3132927281 | X79: VITANIA VALESA PUTRI | Y79: P | Z79: VII C | AC79: 68 | AD79: 2526.7.071 | AE79: 0139890219 | AF79: JIHAN MAOLIDA | AG79: P | AH79: VII C
A80: 18 | B80: 2526.7.154 | D80: MEGA SUDRAJAT | E80: P | F80: VII F | G80: 5 | H80: 2526.7.066 | I80: 3127916562 | J80: BANGBANG NUR SAID | K80: L | L80: VII C | M80: C | N80: 2526.7.089 | O80: 3121361780 | P80: AZAM | Q80: L | R80: VII D | S80: A | U80: 69 | V80: 2526.7.089 | W80: 3121361780 | X80: AZAM | Y80: L | Z80: VII D | AC80: 69 | AD80: 2526.7.072 | AE80: 0123139846 | AF80: LUTHFY INDRAYANA | AG80: L | AH80: VII C
A81: 19 | B81: 2526.7.128 | C81: 0114310327 | D81: MEILANI | E81: P | F81: VII E | G81: 6 | H81: 2526.7.073 | I81: 3128813175 | J81: MUHAMAD FATHIR ALGHIFAHRI | K81: L | L81: VII C | M81: C | N81: 2526.7.096 | O81: 3119824822 | P81: FAZRI ROMADHON NUR IHSANI | Q81: L | R81: VII D | S81: B | U81: 70 | V81: 2526.7.096 | W81: 3119824822 | X81: FAZRI ROMADHON NUR IHSANI | Y81: L | Z81: VII D | AC81: 70 | AD81: 2526.7.073 | AE81: 3128813175 | AF81: MUHAMAD FATHIR ALGHIFAHRI | AG81: L | AH81: VII C
A82: 20 | B82: 2526.7.048 | C82: 3138486290 | D82: MUHAMAD RIVAL PANGESTU | E82: L | F82: VII B | G82: 7 | H82: 2526.7.102 | J82: MUHAMAD DZIDAN AL BAIHAQI | K82: L | L82: VII D | M82: C | N82: 2526.7.102 | P82: MUHAMAD DZIDAN AL BAIHAQI | Q82: L | R82: VII D | S82: C | U82: 71 | V82: 2526.7.102 | X82: MUHAMAD DZIDAN AL BAIHAQI | Y82: L | Z82: VII D | AC82: 71 | AD82: 2526.7.074 | AE82: 3122761337 | AF82: MUHAMAD RIZKY | AG82: L | AH82: VII C
A83: 21 | B83: 2526.7.158 | C83: 135355505 | D83: MUHAMMAD FAISAL RAMADAN | E83: L | F83: VII F | G83: 8 | H83: 2526.7.123 | I83: 3124519339 | J83: DIAS PRIYATNA | K83: L | L83: VII E | M83: C | N83: 2526.7.104 | O83: 3127110039 | P83: MUHAMMAD ULINNUHA | Q83: L | R83: VII D | S83: D | U83: 72 | V83: 2526.7.104 | W83: 3127110039 | X83: MUHAMMAD ULINNUHA | Y83: L | Z83: VII D | AC83: 72 | AD83: 2526.7.075 | AE83: 3123488646 | AF83: MUHAMMAD DARREN AL HABSYI | AG83: L | AH83: VII C
A84: 22 | B84: 2526.7.018 | C84: 0134105339 | D84: MUHAMMAD HAIQAL | E84: L | F84: VII A | G84: 9 | H84: 2526.7.136 | I84: 3132928453 | J84: RENARD PRADIPTA ALBERN | K84: L | L84: VII E | M84: C | N84: 2526.7.111 | O84: 0133417146 | P84: SAED PURNAMA | Q84: L | R84: VII D | S84: E | U84: 73 | V84: 2526.7.111 | W84: 0133417146 | X84: SAED PURNAMA | Y84: L | Z84: VII D | AC84: 73 | AD84: 2526.7.076 | AE84: 0129488172 | AF84: MUHAMMAD ROHMAT MAULANA KHAKIM | AG84: L | AH84: VII C
A85: 23 | B85: 2526.7.129 | C85: 3135535697 | D85: MUSLIMAN | E85: L | F85: VII E | G85: 10 | H85: 2526.7.147 | J85: ARIS SUGIYATMO | K85: L | L85: VII F | M85: C | N85: 2526.7.088 | O85: 0124934991 | P85: AURA OKTAVIA | Q85: P | R85: VII D | S85: E | U85: 74 | V85: 2526.7.088 | W85: 0124934991 | X85: AURA OKTAVIA | Y85: P | Z85: VII D | AC85: 74 | AD85: 2526.7.077 | AE85: 0123715535 | AF85: NADHIF MUSFIQ FAUZAN | AG85: L | AH85: VII C
A86: 24 | B86: 2526.7.130 | C86: 313220605 | D86: MUSLIMIN | E86: L | F86: VII E | G86: 11 | H86: 2526.7.159 | I86: 139722427 | J86: RAVA FEBRIANTA | K86: L | L86: VII F | M86: C | N86: 2526.7.093 | O86: 0135721992 | P86: DEWI NUR ASKIA | Q86: P | R86: VII D | S86: B | U86: 75 | V86: 2526.7.093 | W86: 0135721992 | X86: DEWI NUR ASKIA | Y86: P | Z86: VII D | AC86: 75 | AD86: 2526.7.078 | AF86: NAFILLA USWATUN HASANAH | AG86: P | AH86: VII C
A87: 25 | B87: 2526.7.023 | C87: 3132819988 | D87: NIA AMANDA | E87: P | F87: VII A | G87: 12 | H87: 2526.7.108 | I87: 0134183626 | J87: RAHES SUPRIYATIN | K87: L | L87: VII D | M87: C | N87: 2526.7.094 | O87: 0131571056 | P87: DHIYYA ALFANI | Q87: P | R87: VII D | S87: C | U87: 76 | V87: 2526.7.094 | W87: 0131571056 | X87: DHIYYA ALFANI | Y87: P | Z87: VII D | AC87: 76 | AD87: 2526.7.079 | AE87: 3124279651 | AF87: PUTRI DEBI ARESTA | AG87: P | AH87: VII C
A88: 26 | B88: 2526.7.079 | C88: 3124279651 | D88: PUTRI DEBI ARESTA | E88: P | F88: VII C | G88: 13 | H88: 2526.7.040 | I88: 3122058030 | J88: FAHRIANSYAH | K88: L | L88: VII B | M88: C | N88: 2526.7.095 | P88: DWI PUTRI ARYANI | Q88: P | R88: VII D | S88: D | U88: 77 | V88: 2526.7.095 | X88: DWI PUTRI ARYANI | Y88: P | Z88: VII D | AC88: 77 | AD88: 2526.7.080 | AF88: PUTRI RHAINA ARIS | AG88: P | AH88: VII C
A89: 27 | B89: 2526.7.169 | D89: RAIHAN YUDHA PRATAMA | E89: L | F89: VII E | G89: 14 | H89: 2526.7.001 | I89: 3123204104 | J89: ADI SAPUTRA | K89: L | L89: VII A | M89: C | N89: 2526.7.097 | O89: 0139468302 | P89: FEBRI MAULIDINA PUTRI | Q89: P | R89: VII D | S89: A | U89: 78 | V89: 2526.7.097 | W89: 0139468302 | X89: FEBRI MAULIDINA PUTRI | Y89: P | Z89: VII D | AC89: 78 | AD89: 2526.7.081 | AE89: 0129363316 | AF89: RAPPA DWI PRASETYA | AG89: L | AH89: VII C
A90: 28 | B90: 2526.7.026 | C90: 3124785721 | D90: RENATA SASKIA NURVITRI | E90: P | F90: VII A | G90: 15 | H90: 2526.7.033 | I90: 3124279636 | J90: ABOY YOPAN FARIZI | K90: L | L90: VII B | M90: C | N90: 2526.7.100 | O90: 0136766678 | P90: MADONA ARLINA | Q90: P | R90: VII D | S90: A | U90: 79 | V90: 2526.7.100 | W90: 0136766678 | X90: MADONA ARLINA | Y90: P | Z90: VII D | AC90: 79 | AD90: 2526.7.082 | AE90: 0122866858 | AF90: SRI AMELIA GHITA | AG90: P | AH90: VII C
A91: 29 | B91: 2526.7.110 | C91: 3125143544 | D91: RIO RAMADHAN | E91: L | F91: VII D | G91: 16 | H91: 2526.7.162 | I91: 0122459955 | J91: REVALDO PRAYOGA | K91: L | L91: VII F | M91: C | N91: 2526.7.101 | O91: 0125907777 | P91: MAENISHA ENZELIKA | Q91: P | R91: VII D | S91: B | U91: 80 | V91: 2526.7.101 | W91: 0125907777 | X91: MAENISHA ENZELIKA | Y91: P | Z91: VII D | AC91: 80 | AD91: 2526.7.083 | AE91: 0128672217 | AF91: TASYA NABILA | AG91: P | AH91: VII C
A92: 30 | B92: 2526.7.031 | C92: 0128219250 | D92: SIFFANI NUR AFINAH | E92: P | F92: VII A | G92: 1 | H92: 2526.7.012 | I92: 127058104 | J92: HERLITA VIANI | K92: P | L92: VII A | M92: C | N92: 2526.7.106 | O92: 0116196263 | P92: NURUL VANIAH | Q92: P | R92: VII D | S92: C | U92: 81 | V92: 2526.7.106 | W92: 0116196263 | X92: NURUL VANIAH | Y92: P | Z92: VII D | AC92: 81 | AD92: 2526.7.084 | AE92: 0122394322 | AF92: VIONA DWI OKTORA | AG92: P | AH92: VII C
A93: 31 | B93: 2526.7.166 | C93: 0125958827 | D93: TRISTAN SATRIO | E93: L | F93: VII F | G93: 2 | H93: 2526.7.024 | I93: 0127200054 | J93: NUR ATIKA | K93: P | L93: VII A | M93: C | N93: 2526.7.107 | P93: PUTRI NIRMALA | Q93: P | R93: VII D | S93: D | U93: 82 | V93: 2526.7.107 | X93: PUTRI NIRMALA | Y93: P | Z93: VII D | AC93: 82 | AD93: 2526.7.085 | AE93: 3132927281 | AF93: VITANIA VALESA PUTRI | AG93: P | AH93: VII C
A94: 32 | B94: 2526.7.032 | C94: 3123952029 | D94: YAKUB NURAROFA | E94: L | F94: VII A | G94: 3 | H94: 2526.7.167 | I94: 0133647456 | J94: FEBBY NUR HAYATI PUTRI | K94: P | L94: VII A | M94: C | N94: 2526.7.112 | P94: SENA AFRIYANI NUR AQILA | Q94: P | R94: VII D | S94: E | U94: 83 | V94: 2526.7.112 | X94: SENA AFRIYANI NUR AQILA | Y94: P | Z94: VII D | AC94: 83 | AD94: 2526.7.086 | AE94: 0135367806 | AF94: YOGI PRASETYO | AG94: L | AH94: VII C
G95: 4 | H95: 2526.7.043 | I95: 3125430418 | J95: MARWAH ZAHIRA PUTRI | K95: P | L95: VII B | M95: C | N95: 2526.7.113 | O95: 0124370054 | P95: TRI MULYA DEWI | Q95: P | R95: VII D | U95: 84 | V95: 2526.7.113 | W95: 0124370054 | X95: TRI MULYA DEWI | Y95: P | Z95: VII D | AC95: 84 | AD95: 2526.7.087 | AE95: 0112224088 | AF95: AGUSTIAN RAMADANI | AG95: L | AH95: VII D
A96: P | B96: 16 | G96: 5 | H96: 2526.7.065 | I96: 0126575647 | J96: ANGGUN | K96: P | L96: VII C | M96: C | N96: 2526.7.116 | O96: 3129631380 | P96: AHMAD NIZAM MUFASIR | Q96: L | R96: VII E | S96: A | U96: 85 | V96: 2526.7.116 | W96: 3129631380 | X96: AHMAD NIZAM MUFASIR | Y96: L | Z96: VII E | AC96: 85 | AD96: 2526.7.088 | AE96: 0124934991 | AF96: AURA OKTAVIA | AG96: P | AH96: VII D
A97: L | B97: 16 | G97: 6 | H97: 2526.7.082 | I97: 0122866858 | J97: SRI AMELIA GHITA | K97: P | L97: VII C | M97: C | N97: 2526.7.120 | O97: 0129374978 | P97: ASEP RIANSAH | Q97: L | R97: VII E | S97: B | U97: 86 | V97: 2526.7.120 | W97: 0129374978 | X97: ASEP RIANSAH | Y97: L | Z97: VII E | AC97: 86 | AD97: 2526.7.089 | AE97: 3121361780 | AF97: AZAM | AG97: L | AH97: VII D
E98: Leuwimunding, Juli 2026 | G98: 7 | H98: 2526.7.094 | I98: 0131571056 | J98: DHIYYA ALFANI | K98: P | L98: VII D | M98: C | N98: 2526.7.123 | O98: 3124519339 | P98: DIAS PRIYATNA | Q98: L | R98: VII E | S98: C | U98: 87 | V98: 2526.7.123 | W98: 3124519339 | X98: DIAS PRIYATNA | Y98: L | Z98: VII E | AC98: 87 | AD98: 2526.7.090 | AE98: 3138673348 | AF98: AZHA AL MAHDI TUAT AFANDI | AG98: L | AH98: VII D
E99: Wali Kelas | G99: 8 | H99: 2526.7.106 | I99: 0116196263 | J99: NURUL VANIAH | K99: P | L99: VII D | M99: C | N99: 2526.7.124 | O99: 138308109 | P99: ERLANGGA MAULANA SAPUTRA | Q99: L | R99: VII E | S99: D | U99: 88 | V99: 2526.7.124 | W99: 138308109 | X99: ERLANGGA MAULANA SAPUTRA | Y99: L | Z99: VII E | AC99: 88 | AD99: 2526.7.092 | AE99: 0135862448 | AF99: CHATRINE PRISCILLIA NATASYA | AG99: P | AH99: VII D
G100: 9 | H100: 2526.7.117 | I100: 3135825654 | J100: AISAH | K100: P | L100: VII E | M100: C | N100: 2526.7.125 | O100: 0121363504 | P100: FERDI ARYANTO | Q100: L | R100: VII E | S100: E | U100: 89 | V100: 2526.7.125 | W100: 0121363504 | X100: FERDI ARYANTO | Y100: L | Z100: VII E | AC100: 89 | AD100: 2526.7.093 | AE100: 0135721992 | AF100: DEWI NUR ASKIA | AG100: P | AH100: VII D
G101: 10 | H101: 2526.7.131 | J101: NATTASYA APRILLIA | K101: P | L101: VII E | M101: C | N101: 2526.7.126 | O101: 0135349455 | P101: KHAYRUN KHOYYUM | Q101: L | R101: VII E | S101: A | U101: 90 | V101: 2526.7.126 | W101: 0135349455 | X101: KHAYRUN KHOYYUM | Y101: L | Z101: VII E | AC101: 90 | AD101: 2526.7.094 | AE101: 0131571056 | AF101: DHIYYA ALFANI | AG101: P | AH101: VII D
E102: =WLKLS!B8 -> NUNUNG NURHAYANI, S.Pd | G102: 11 | H102: 2526.7.144 | I102: 0137542865 | J102: ANASTASYA | K102: P | L102: VII F | M102: C | N102: 2526.7.129 | O102: 3135535697 | P102: MUSLIMAN | Q102: L | R102: VII E | S102: B | U102: 91 | V102: 2526.7.129 | W102: 3135535697 | X102: MUSLIMAN | Y102: L | Z102: VII E | AC102: 91 | AD102: 2526.7.095 | AF102: DWI PUTRI ARYANI | AG102: P | AH102: VII D
...

Sheet IX
A1: PEMERINTAH KABUPATEN MAJALENGKA
A2: DINAS PENDIDIKAN
A3: SMP NEGERI 3 LEUWIMUNDING
A4: TERAKREDITASI “A” SK.Nomor: 1346/BAN-SM/SK/2021
A5: Alamat : Jalan Raya Parungjaya Leuwimunding Kab. Majalengka 45473 Tlp. (0233) 510066
A7: DAFTAR MURID KELAS IX A
A8: TAHUN PELAJARAN 2026 / 2027
A10: NOMOR | D10: N A M A S I S W A | E10: L / P | F10: KETERANGAN
A11: URUT | B11: INDUK | C11: NISN | F11: ASAL KELAS | Q11: NIS | R11: NISN | S11: NAMA | T11: L/P | U11: KLS
A12: 1 | B12: 2425.7.001 | C12: 0114335435 | D12: AGIF RIFKI | E12: L | F12: VIIIE | H12: 1 | P12: 1 | Q12: 2324.7.008 | R12: 0103230220 | S12: BILQIS AMELIA | T12: P | U12: VIIIB | V12: A
A13: 2 | B13: 2425.7.033 | C13: 3122095715 | D13: AIZLA NUR ZAHRA | E13: P | F13: VIIIA | H13: 2 | P13: 2 | Q13: 2425.7.001 | R13: 0114335435 | S13: AGIF RIFKI | T13: L | U13: VIIIE | V13: A
A14: 3 | B14: 2425.7.002 | C14: 0128544312 | D14: ALICE FIRMANSYAH | E14: P | F14: VIIIA | H14: 3 | P14: 3 | Q14: 2425.7.002 | R14: 0128544312 | S14: ALICE FIRMANSYAH | T14: P | U14: VIIIA | V14: A
A15: 4 | B15: 2425.7.003 | C15: 0129145235 | D15: ALIYA FITHROTUN NISA | E15: P | F15: VIIID | H15: 4 | P15: 4 | Q15: 2425.7.003 | R15: 0129145235 | S15: ALIYA FITHROTUN NISA | T15: P | U15: VIIID | V15: A
A16: 5 | B16: 2425.7.004 | C16: 0119597475 | D16: ALVIAN | E16: L | F16: VIIIA | H16: 5 | P16: 5 | Q16: 2425.7.004 | R16: 0119597475 | S16: ALVIAN | T16: L | U16: VIIIA | V16: A
A17: 6 | B17: 2425.7.005 | C17: 0117061831 | D17: ALZANETA FITRIA NOVANTI | E17: P | F17: VIIIB | H17: 6 | P17: 6 | Q17: 2425.7.005 | R17: 0117061831 | S17: ALZANETA FITRIA NOVANTI | T17: P | U17: VIIIB | V17: A
A18: 7 | B18: 2425.7.006 | C18: 0117575190 | D18: AMANDA AZILLAH RAHMA | E18: P | F18: VIIIC | H18: 7 | P18: 7 | Q18: 2425.7.006 | R18: 0117575190 | S18: AMANDA AZILLAH RAHMA | T18: P | U18: VIIIC | V18: A
A19: 8 | B19: 2425.7.034 | C19: 0124197972 | D19: AMANDA DINDA MARISYA | E19: P | F19: VIIIC | H19: 8 | P19: 8 | Q19: 2425.7.007 | R19: 3121857541 | S19: ANASTASYA FUTRI | T19: P | U19: VIIIB | V19: A
A20: 9 | B20: 2425.7.007 | C20: 3121857541 | D20: ANASTASYA FUTRI | E20: P | F20: VIIIB | H20: 9 | P20: 9 | Q20: 2425.7.008 | R20: 0116912605 | S20: ANDITO PRATAMA | T20: L | U20: VIIIE | V20: A
A21: 10 | B21: 2425.7.008 | C21: 0116912605 | D21: ANDITO PRATAMA | E21: L | F21: VIIIE | H21: 10 | P21: 10 | Q21: 2425.7.009 | R21: 0127241722 | S21: AYUNDHA PUTRI WIJAYA | T21: P | U21: VIIIE | V21: A
A22: 11 | B22: 2425.7.035 | C22: 0126904354 | D22: ANGGUN AFRITA | E22: P | F22: VIIID | H22: 11 | P22: 11 | Q22: 2425.7.010 | R22: 0115771531 | S22: DANI LUKMAN SUMITRO | T22: L | U22: VIIIB | V22: A
A23: 12 | B23: 2425.7.036 | C23: 0118759400 | D23: ARES REAL RAMADANI | E23: L | F23: VIIIE | H23: 12 | P23: 12 | Q23: 2425.7.011 | R23: 0128926178 | S23: DEWI FAJRINA | T23: P | U23: VIIIC | V23: A
... A40: 29 | B40: 2425.7.026 | C40: 0129519809 | D40: RIDHO HIDAYATULLOH | E40: L | F40: VIIID | H40: 29 | P40: 29 | Q40: 2425.7.035 | R40: 0126904354 | S40: ANGGUN AFRITA | T40: P | U40: VIIID | V40: A
A41: 30 | B41: 2425.7.027 | C41: 0111509033 | D41: SANDI KURNIAWAN | E41: L | F41: VIIID | H41: 30 | P41: 30 | Q41: 2425.7.036 | R41: 0118759400 | S41: ARES REAL RAMADANI | T41: L | U41: VIIIE | V41: A | W41: 2425.7.028 | X41: 0113365190 | Y41: TAZRIL MAULANA MALIK | Z41: L | AA41: VIIIC
A42: 31 | B42: 2425.7.029 | C42: 0128401119 | D42: VENNY SUPRIATNA | E42: P | F42: VIIIA | H42: 31 | P42: 31 | Q42: 2425.7.037 | R42: 3127193341 | S42: ASSYIFA NURFITRIAH HARISMAYA | T42: P | U42: VIIIA | V42: A
A43: 32 | B43: 2425.7.031 | C43: 0115558969 | D43: WAHYU SUDRAJAT | E43: L | F43: VIIIE | H43: 32 | P43: 32 | Q43: 2425.7.038 | R43: 0111839880 | S43: DYANDRA PUTRI NUR ALIFA | T43: P | U43: VIIIA | V43: A
A44: P | B44: 20 | P44: 1 | Q44: 2425.7.039 | R44: 3122167330 | S44: ELSA AFIKA | T44: P | U44: VIIIB | V44: B
A45: L | B45: 12 | P45: 2 | Q45: 2425.7.040 | R45: 0124170979 | S45: EVIH KHUNAVIYA SEPTIYA PUTRI | T45: P | U45: VIIIE | V45: B | W45: 2425.7.065 | X45: 3118373266 | Y45: AFKAR FATAH BILHAQ | Z45: L | AA45: VIIIB
E46: Leuwimunding, Juli 2026 | P46: 3 | Q46: 2425.7.042 | R46: 0123011978 | S46: FAUZI MIHARJA | T46: L | U46: VIIIA | V46: B
E47: Wali Kelas | P47: 4 | Q47: 2425.7.043 | R47: 0128999573 | S47: FEBRIAN SYAKIB | T47: L | U47: VIIIE | V47: B
E48: =WLKLS!B12 -> Hj. EHA JULAEHA, S.Pd. | P48: 5 | Q48: 2425.7.044 | R48: 0121124291 | S48: FITRIYA AHIDA YUANDA | T48: P | U48: VIIIB | V48: B
E49: =WLKLS!C12 -> NIP. 198007162008012005 | P49: 6 | Q49: 2425.7.045 | R49: 0115920497 | S49: GAFAH INDRA QIANO | T49: L | U49: VIIID | V49: B
P50: 7 | Q50: 2425.7.046 | R50: 0112439829 | S50: IBRAHIM OVIK | T50: L | U50: VIIID | V50: B
A51: PEMERINTAH KABUPATEN MAJALENGKA | P51: 8 | Q51: 2425.7.047 | R51: 0113420392 | S51: IDA WINDA | T51: P | U51: VIIIB | V51: B
A52: DINAS PENDIDIKAN | P52: 9 | Q52: 2425.7.048 | R52: 0119646725 | S52: MOHAMMAD FAJAR SIDIK | T52: L | U52: VIIID | V52: B
A53: SMP NEGERI 3 LEUWIMUNDING | P53: 10 | Q53: 2425.7.049 | R53: 0121283062 | S53: MAURA DZAKIYAH | T53: P | U53: VIIID | V53: B
A54: TERAKREDITASI “A” SK.Nomor: 1346/BAN-SM/SK/2021 | P54: 11 | Q54: 2425.7.050 | R54: 0124539329 | S54: MOHAMAD RIZKI KURNIAWAN | T54: L | U54: VIIIC | V54: B
A55: Alamat : Jalan Raya Parungjaya Leuwimunding Kab. Majalengka 45473 Tlp. (0233) 510066 | P55: 12 | Q55: 2425.7.051 | R55: 0091533605 | S55: MUHAMAD SULAEMAN | T55: L | U55: VIIIC | V55: B
P56: 13 | Q56: 2425.7.052 | R56: 0115818081 | S56: MUHAMAD AZRIL MAULANA | T56: L | U56: VIIIC | V56: B
A57: DAFTAR MURID KELAS IX B | P57: 14 | Q57: 2425.7.053 | R57: 0129588550 | S57: MUHAMAD ROFI'I SAPUTRA | T57: L | U57: VIIIB | V57: B
A58: TAHUN PELAJARAN 2026 / 2027 | P58: 15 | Q58: 2425.7.054 | R58: 0115644252 | S58: MUHAMAD WINAB | T58: L | U58: VIIIB | V58: B
P59: 16 | Q59: 2425.7.055 | R59: 0118290331 | S59: MUHAMMAD AJI SEPTIAN | T59: L | U59: VIIIB | V59: B
A60: NOMOR | D60: N A M A S I S W A | E60: L / P | F60: KETERANGAN | P60: 17 | Q60: 2425.7.056 | R60: 0115987515 | S60: MUHAMMAD NAZIR SYAKIR | T60: L | U60: VIIIA | V60: B
A61: URUT | B61: INDUK | C61: NISN | F61: ASAL KELAS | P61: 18 | Q61: 2425.7.057 | R61: 0124678381 | S61: NADYNE FATHIINAH FAUZIAH | T61: P | U61: VIIIC | V61: B
A62: 1 | B62: 2425.7.066 | C62: 0115898216 | D62: ALDO FERDIYAN | E62: L | F62: VIIID | H62: 1 | P62: 19 | Q62: 2425.7.058 | R62: 0111458022 | S62: NATASYA | T62: P | U62: VIIID | V62: B
A63: 2 | B63: 2425.7.067 | C63: 0129928135 | D63: ALLANSYAH PRATAMA | E63: L | F63: VIIID | H63: 2 | P63: 20 | Q63: 2425.7.059 | R63: 0124068213 | S63: NURI YUNITASARI | T63: P | U63: VIIID | V63: B
A64: 3 | B64: 2425.7.068 | C64: 0119015415 | D64: AMELIA SRI MULYANI | E64: P | F64: VIIIB | H64: 3 | P64: 21 | Q64: 2425.7.061 | R64: 0115607015 | S64: RIKI MAULANA | T64: L | U64: VIIIA | V64: B
A65: 4 | B65: 2425.7.069 | C65: 0126772441 | D65: ANDINI NUR AINI | E65: P | F65: VIIIE | H65: 4 | P65: 22 | Q65: 2425.7.062 | R65: 0119169783 | S65: RIKO HARDIANTO | T65: L | U65: VIIIA | V65: B
A66: 5 | B66: 2425.7.070 | C66: 0115677173 | D66: ANNISAH PATMA | E66: P | F66: VIIIE | H66: 5 | P66: 23 | Q66: 2425.7.063 | R66: 0129782767 | S66: SILVIA DAMAYANTI | T66: P | U66: VIIIE | V66: B
A67: 6 | B67: 2425.7.071 | C67: 0111801429 | D67: BELA SAFIRA | E67: P | F67: VIIID | H67: 6 | P67: 24 | Q67: 2425.7.064 | R67: 0113007593 | S67: SUCI SETIAWATI | T67: P | U67: VIIIC | V67: B
A68: 7 | B68: 2425.7.072 | C68: 0121755363 | D68: DAHLIA FATKHIYAN | E68: P | F68: VIIID | H68: 7 | P68: 25 | Q68: 2425.7.066 | R68: 0115898216 | S68: ALDO FERDIYAN | T68: L | U68: VIIID | V68: B
A69: 8 | B69: 2425.7.073 | C69: 0128051711 | D69: DELIA FATKHIYAN | E69: P | F69: VIIID | H69: 8 | P69: 26 | Q69: 2425.7.067 | R69: 0129928135 | S69: ALLANSYAH PRATAMA | T69: L | U69: VIIID | V69: B
A70: 9 | B70: 2425.7.039 | C70: 3122167330 | D70: ELSA AFIKA | E70: P | F70: VIIIB | H70: 9 | P70: 27 | Q70: 2425.7.068 | R70: 0119015415 | S70: AMELIA SRI MULYANI | T70: P | U70: VIIIB | V70: B
A71: 10 | B71: 2425.7.040 | C71: 0124170979 | D71: EVIH KHUNAVIYA SEPTIYA PUTRI | E71: P | F71: VIIIE | H71: 10 | P71: 28 | Q71: 2425.7.069 | R71: 0126772441 | S71: ANDINI NUR AINI | T71: P | U71: VIIIE | V71: B
A72: 11 | B72: 2425.7.042 | C72: 0123011978 | D72: FAUZI MIHARJA | E72: L | F72: VIIIA | H72: 11 | P72: 29 | Q72: 2425.7.070 | R72: 0115677173 | S72: ANNISAH PATMA | T72: P | U72: VIIIE | V72: B
A73: 12 | B73: 2425.7.043 | C73: 0128999573 | D73: FEBRIAN SYAKIB | E73: L | F73: VIIIE | H73: 12 | P73: 30 | Q73: 2425.7.071 | R73: 0111801429 | S73: BELA SAFIRA | T73: P | U73: VIIID | V73: B
... A90: 29 | B90: 2425.7.061 | C90: 0115607015 | D90: RIKI MAULANA | E90: L | F90: VIIIA | H90: 29 | P90: 15 | Q90: 2425.7.089 | R90: 0113880002 | S90: NADIRA AULIA | T90: P | U90: VIIIC | V90: C
A91: 30 | B91: 2425.7.062 | C91: 0119169783 | D91: RIKO HARDIANTO | E91: L | F91: VIIIA | P91: 16 | Q91: 2425.7.090 | R91: 0121772538 | S91: NURUL SHAEFI ANAM | T91: P | U91: VIIIB | V91: C
A92: 31 | B92: 2425.7.063 | C92: 0129782767 | D92: SILVIA DAMAYANTI | E92: P | F92: VIIIE | P92: 17 | Q92: 2425.7.091 | R92: 0129538511 | S92: OKTAFIA NUR MALASARI | T92: P | U92: VIIIA | V92: C
A93: 32 | B93: 2425.7.064 | C93: 0113007593 | D93: SUCI SETIAWATI | E93: P | F93: VIIIC | P93: 18 | Q93: 2425.7.092 | R93: 0119107973 | S93: SALFA INDRIYANI | T93: P | U93: VIIIA | V93: C
A94: P | B94: 16
A95: L | B95: 16
E96: Leuwimunding, Juli 2026 | P96: 19 | Q96: 2425.7.093 | R96: 0113604882 | S96: SUSI TRIYANI | T96: P | U96: VIIIA | V96: C
E97: Wali Kelas | P97: 20 | Q97: 2425.7.094 | R97: 3110838329 | S97: SUWANDA | T97: L | U97: VIIIA | V97: C
P98: 21 | Q98: 2425.7.095 | R98: 0112154376 | S98: YASMIN ANANDITA RIDWAN | T98: P | U98: VIIIA | V98: C
E99: =WLKLS!B13 -> SULASTRI, S.Pd. | P99: 22 | Q99: 2425.7.096 | R99: 0124681591 | S99: YUANITA PUTRI APRILANI | T99: P | U99: VIIIA | V99: C
E100: =WLKLS!C13 -> NIP. 197808012008012012 | P100: 23 | Q100: 2425.7.097 | R100: 0116468961 | S100: AISYAH ZILVIA | T100: P | U100: VIIID | V100: C
A101: PEMERINTAH KABUPATEN MAJALENGKA | P101: 24 | Q101: 2425.7.098 | R101: 0127769303 | S101: AJENG KURNIA FADILAH | T101: P | U101: VIIID | V101: C
A102: DINAS PENDIDIKAN | P102: 25 | Q102: 2425.7.100 | R102: 0112444440 | S102: ANISA SANIAH | T102: P | U102: VIIIE | V102: C
A103: SMP NEGERI 3 LEUWIMUNDING | P103: 26 | Q103: 2425.7.101 | R103: 0111078711 | S103: ANSRUL BA'AIT | T103: L | U103: VIIIB | V103: C | W103: 2425.7.099 | X103: 0125907146 | Y103: ALIFATULLOH NOVA ALVARIZI | Z103: L | AA103: VIIIE
A104: TERAKREDITASI “A” SK.Nomor: 1346/BAN-SM/SK/2021 | P104: 27 | Q104: 2425.7.102 | R104: 0113569024 | S104: ASRI PUSPITASARI | T104: P | U104: VIIIC | V104: C
A105: Alamat : Jalan Raya Parungjaya Leuwimunding Kab. Majalengka 45473 Tlp. (0233) 510066 | P105: 28 | Q105: 2425.7.104 | R105: 0124275897 | S105: EVELYANNE AFRILLA MUZNI | T105: P | U105: VIIIB | V105: C
P106: 29 | Q106: 2425.7.105 | R106: 0117316057 | S106: FADLI FAJAR ALFAIZAL | T106: L | U106: VIIIB | V106: C
A107: DAFTAR MURID KELAS IX C | P107: 30 | Q107: 2425.7.106 | R107: 0111851717 | S107: GIBRAN AL IQSAN | T107: L | U107: VIIIB | V107: C
A108: TAHUN PELAJARAN 2026 / 2027 | P108: 31 | Q108: 2425.7.109 | R108: 0113141913 | S108: M.FADHLI KHAIRI SONJAYA | T108: L | U108: VIIIC | V108: C
P109: 32 | Q109: 2425.7.110 | R109: 0122958854 | S109: MARWAH SIFA APRILIYANI | T109: P | U109: VIIIC | V109: C
A110: NOMOR | D110: N A M A S I S W A | E110: L / P | F110: KETERANGAN | P110: 1 | Q110: 2425.7.111 | R110: 0123171117 | S110: MIKOLA PUTRA | T110: L | U110: VIIID | V110: D
A111: URUT | B111: INDUK | C111: NISN | F111: ASAL KELAS | P111: 2 | Q111: 2425.7.112 | R111: 0116612386 | S111: MUHAMAD MAHIR ZIDAN | T111: L | U111: VIIID | V111: D
A112: 1 | B112: 2425.7.097 | C112: 0116468961 | D112: AISYAH ZILVIA | E112: P | F112: VIIID | H112: 1 | P112: 3 | Q112: 2425.7.113 | R112: 0111569910 | S112: MUHAMAD SIDIK MAULANA MUHAMAD FAJAR ALAM | T112: L | U112: VIIIE | V112: D
A113: 2 | B113: 2425.7.098 | C113: 0127769303 | D113: AJENG KURNIA FADILAH | E113: P | F113: VIIID | H113: 2 | P113: 4 | Q113: 2425.7.114 | R113: 0115165170 | S113: MUHAMMAD AMIRULL AIMAN | T113: L | U113: VIIIE | V113: D
A114: 3 | B114: 2425.7.100 | C114: 0112444440 | D114: ANISA SANIAH | E114: P | F114: VIIIE | H114: 3 | P114: 5 | Q114: 2425.7.115 | R114: 0101699659 | S114: MUHAMMAD SANURI | T114: L | U114: VIIIA | V114: D
A115: 4 | B115: 2425.7.101 | C115: 0111078711 | D115: ANSRUL BA'AIT | E115: L | F115: VIIIB | G115: '21-10-25 BPKNYA | H115: 4 | P115: 6 | Q115: 2425.7.116 | R115: 0126045776 | S115: NASIFA JULIANI | T115: P | U115: VIIIA | V115: D
A116: 5 | B116: 2425.7.102 | C116: 0113569024 | D116: ASRI PUSPITASARI | E116: P | F116: VIIIC | H116: 5 | P116: 7 | Q116: 2425.7.117 | R116: 0122288032 | S116: NUR AINI | T116: P | U116: VIIIC | V116: D
A117: 6 | B117: 2425.7.104 | C117: 0124275897 | D117: EVELYANNE AFRILLA MUZNI | E117: P | F117: VIIIB | H117: 6 | P117: 8 | Q117: 2425.7.118 | R117: 0122591044 | S117: NUR ANNISAH RAHMADHANI | T117: P | U117: VIIIA | V117: D
A118: 7 | B118: 2425.7.105 | C118: 0117316057 | D118: FADLI FAJAR ALFAIZAL | E118: L | F118: VIIIB | H118: 7 | P118: 9 | Q118: 2425.7.119 | R118: 0112811685 | S118: PANDU WIJAYA | T118: L | U118: VIIIA | V118: D
A119: 8 | B119: 2425.7.106 | C119: 0111851717 | D119: GIBRAN AL IQSAN | E119: L | F119: VIIIB | H119: 8 | P119: 10 | Q119: 2425.7.120 | R119: 0125405983 | S119: PUTRI AGISTINI GIANTHSAL | T119: P | U119: VIIIB | V119: D
A120: 9 | B120: 2425.7.074 | C120: 3110242131 | D120: KENSO AHNAFULLAH IBRAHIM | E120: L | F120: VIIIA | H120: 9 | P120: 11 | Q120: 2425.7.121 | R120: 0112651517 | S120: PUTRI MEYGI ANGGRAENI | T120: P | U120: VIIIE | V120: D
A121: 10 | B121: 2425.7.075 | C121: 3149830010 | D121: KENSU AHNAFULLAH IBRAHIM | E121: L | F121: VIIIA | H121: 10 | P121: 12 | Q121: 2425.7.122 | R121: 0112116875 | S121: RAFFAEL ERNESTA | T121: L | U121: VIIIA | V121: D
A122: 11 | B122: 2425.7.076 | C122: 0115453656 | D122: LALITA AMEY | E122: P | F122: VIIID | H122: 11 | P122: 13 | Q122: 2425.7.123 | R122: 0114624451 | S122: RESA NURKHALIFAH | T122: P | U122: VIIIC | V122: D
A123: 12 | B123: 2425.7.109 | C123: 0113141913 | D123: M.FADHLI KHAIRI SONJAYA | E123: L | F123: VIIIC | H123: 12 | P123: 14 | Q123: 2425.7.124 | R123: 0117699141 | S123: REVAL FATIHA | T123: L | U123: VIIID | V123: D
A124: 13 | B124: 2425.7.077 | C124: 0124028318 | D124: M.FIRMAN WIGUNA | E124: L | F124: VIIIC | H124: 13 | P124: 15 | Q124: 2425.7.126 | R124: 0126400107 | S124: SIFA YULIANI | T124: P | U124: VIIID | V124: D
A125: 14 | B125: 2425.7.110 | C125: 0122958854 | D125: MARWAH SIFA APRILIYANI | E125: P | F125: VIIIC | H125: 14 | P125: 16 | Q125: 2425.7.127 | R125: 0118113195 | S125: SYIFA DWI CAHYANI | T125: P | U125: VIIIB | V125: D
A126: 15 | B126: 2425.7.078 | C126: 0124159834 | D126: MEY FEBIA WIJAYA | E126: P | F126: VIIIC | H126: 15 | P126: 17 | Q126: 2425.7.128 | R126: 0124586467 | S126: USMAYANTI | T126: P | U126: VIIIA | V126: D
A127: 16 | B127: 2425.7.080 | C127: 0111031447 | D127: MUHAMAD ARDYANSYAH R | E127: L | F127: VIIIC | H127: 16 | P127: 18 | Q127: 2425.7.129 | R127: 0125064510 | S127: YOLA CITRA HASANAH | T127: P | U127: VIIIB | V127: D
... A140: 29 | B140: 2425.7.093 | C140: 0113604882 | D140: SUSI TRIYANI | E140: P | F140: VIIIA | H140: 29 | P140: 4 | Q140: 2425.7.144 | R140: 0113948593 | S140: MUHAMAD REZA SAPUTRA | T140: L | U140: VIIIC | V140: E
A141: 30 | B141: 2425.7.094 | C141: 3110838329 | D141: SUWANDA | E141: L | F141: VIIIA | P141: 5 | Q141: 2425.7.145 | R141: 0122273099 | S141: NOVIANTI SUHENDI | T141: P | U141: VIIIE | V141: E
A142: 31 | B142: 2425.7.095 | C142: 0112154376 | D142: YASMIN ANANDITA RIDWAN | E142: P | F142: VIIIA | P142: 6 | Q142: 2425.7.146 | R142: 0124077678 | S142: NUNUNG NURZANAH | T142: P | U142: VIIIA | V142: E
A143: 32 | B143: 2425.7.096 | C143: 0124681591 | D143: YUANITA PUTRI APRILANI | E143: P | F143: VIIIA | P143: 7 | Q143: 2425.7.147 | R143: 0111327320 | S143: NURAENI | T143: P | U143: VIIIE | V143: E
A144: P | B144: 16 | P144: 8 | Q144: 2425.7.148 | R144: 0128467591 | S144: RACHEL HATI MUSTIKA | T144: P | U144: VIIIB | V144: E
A145: L | B145: 16 | P145: 9 | Q145: 2425.7.149 | R145: 0125315226 | S145: RANTI | T145: P | U145: VIIIC | V145: E
E146: Leuwimunding, Juli 2026 | P146: 10 | Q146: 2425.7.150 | R146: 0129704949 | S146: REGITA DWI CAHYANI | T146: P | U146: VIIID | V146: E
...

Sheet rekap
A1: PEMERINTAH KABUPATEN MAJALENGKA | G1: PEMERINTAH KABUPATEN MAJALENGKA
A2: DINAS PENDIDIKAN | G2: DINAS PENDIDIKAN
A3: SMP NEGERI 3 LEUWIMUNDING | G3: SMP NEGERI 3 LEUWIMUNDING
A4: TERAKREDITASI “A” SK.Nomor: 1346/BAN-SM/SK/2021 | G4: TERAKREDITASI “A” SK.Nomor: 1346/BAN-SM/SK/2021
A5: Alamat : Jalan Raya Parungjaya Leuwimunding Kab. Majalengka 45473 Tlp. (0233) 510066 | G5: Alamat : Jalan Raya Parungjaya Leuwimunding Kab. Majalengka 45473 Tlp. (0233) 510066
A7: REKAPITULASI JUMLAH SISWA REAL | G7: REKAPITULASI JUMLAH SISWA MUTASI
A8: SMP NEGERI 3 LEUWIMUNDING | G8: SMP NEGERI 3 LEUWIMUNDING
A9: TAHUN PELAJARAN 2026/2027 | G9: TAHUN PELAJARAN 2025/2026
A11: NO | B11: KELAS | C11: P | D11: L | E11: JML | H11: Kelas 7
A12: 1 | B12: 7A | C12: =VII!B45 -> 20 | D12: =VII!B46 -> 12 | E12: =SUM(C12:D12) -> 32
A13: 2 | B13: 7B | C13: =VII!B99 -> 20 | D13: =VII!B100 -> 12 | E13: =SUM(C13:D13) -> 32
A14: 3 | B14: 7C | C14: =VII!B153 -> 20 | D14: =VII!B154 -> 12 | E14: =SUM(C14:D14) -> 32
A15: 4 | B15: 7D | C15: =VII!B207 -> 19 | D15: =VII!B208 -> 13 | E15: =SUM(C15:D15) -> 32
A16: 5 | B16: 7E | C16: =VII!B261 -> 20 | D16: =VII!B262 -> 12 | E16: =SUM(C16:D16) -> 32
A18: JUMLAH | C18: =SUM(C12:C17) -> 99 | D18: =SUM(D12:D17) -> 61 | E18: =SUM(C18:D18) -> 160
A19: 6 | B19: 8A | C19: =VIII!B44 -> 16 | D19: =VIII!B45 -> 16 | E19: =SUM(C19:D19) -> 32
A20: 7 | B20: 8B | C20: =VIII!B96 -> 16 | D20: =VIII!B97 -> 16 | E20: =SUM(C20:D20) -> 32
A21: 8 | B21: 8C | C21: =VIII!B147 -> 16 | D21: =VIII!B148 -> 16 | E21: =SUM(C21:D21) -> 32 | O21: 3126038443
A22: 9 | B22: 8D | C22: =VIII!B198 -> 15 | D22: =VIII!B199 -> 17 | E22: =SUM(C22:D22) -> 32 | H22: Kelas 8 | W22: L | X22: SDN KERINJING
A23: 10 | B23: 8E | C23: =VIII!B250 -> 14 | D23: =VIII!B251 -> 18 | E23: =SUM(C23:D23) -> 32 | G23: 26-06-2026 | H23: RYVAN JANUAR | I23: 2425.7.125 | J23: L | K23: SMPN 2 SBY | L23: TIDAK NAIK
G24: 01-07-2026 | H24: ABDUL FURQON ARROHMAN | I24: 2526.7.170 | J24: L | K24: MTs PRAKARYA
A25: JUMLAH | C25: =SUM(C19:C24) -> 77 | D25: =SUM(D19:D24) -> 83 | E25: =SUM(C25:D25) -> 160 | G25: 13-07-2026 | H25: YUWEST AL LITH | I25: 2526.7.059 | J25: P | K25: MTsN 1 MJL | V25: L
A27: 11 | B27: 9A | C27: =IX!B44 -> 20 | D27: =IX!B45 -> 12 | E27: =SUM(C27:D27) -> 32
A28: 12 | B28: 9B | C28: =IX!B94 -> 16 | D28: =IX!B95 -> 16 | E28: =SUM(C28:D28) -> 32
A29: 13 | B29: 9C | C29: =IX!B144 -> 16 | D29: =IX!B145 -> 16 | E29: =SUM(C29:D29) -> 32
A30: 14 | B30: 9D | C30: =IX!B195 -> 17 | D30: =IX!B196 -> 11 | E30: =SUM(C30:D30) -> 28
A31: 15 | B31: 9E | C31: =IX!B246 -> 15 | D31: =IX!B247 -> 10 | E31: =SUM(C31:D31) -> 25
A34: JUMLAH | C34: =SUM(C27:C31) -> 84 | D34: =SUM(D27:D31) -> 65 | E34: =SUM(C34:D34) -> 149
A36: JUMLAH TOTAL | C36: =C18+C25+C34 -> 260 | D36: =D18+D25+D34 -> 209 | E36: =E18+E25+E34 -> 469
N37: 2425.7.060 | O37: 0125093820 | P37: RAHMA ASYIFA | Q37: P | R37: VII B | T37: 30-042026
D38: UPDATE | E38: 20-07-2026 | N38: 2425.7.108 | O38: 0102853129 | P38: KHAERUL ANWAR | Q38: L | R38: VII D | T38: 30-04-2026
H42: Kelas 9
G43: 01-07-2026 | H43: AFKAR FATAH BILHAQ | I43: 2425.7.065 | J43: L | K43: MTsN 1 MJL
H44: ALIFATULLOH NOVA ALVARIZI | I44: 2425.7.099 | J44: L | K44: IKUT ORANG TUA
H45: TAZRIL MAULANA MALIK | I45: 2425.7.028 | J45: L | K45: MTs GARAWANGI
O49: NELI ROSIKA, S.H
O50: Pembina Tk. I
K51: Leuwimunding, 01 Juni 2026 | O51: NIP. 19790120200012002
A52: PEMERINTAH KABUPATEN MAJALENGKA | K52: Kepala Sekolah,
A53: DINAS PENDIDIKAN
A54: SMP NEGERI 3 LEUWIMUNDING | K54: ADA ARMADA PAHLA, S.Pd, M.Pd
A55: TERAKREDITASI “A” SK.Nomor: 1346/BAN-SM/SK/2021 | K55: Pembina Utama Muda
A56: Alamat : Jalan Raya Parungjaya Leuwimunding Kab. Majalengka 45473 Tlp. (0233) 510066 | K56: NIP. 197003181999031008
A58: REKAPITULASI JUMLAH SISWA REAL
A59: SMP NEGERI 3 LEUWIMUNDING
A60: TAHUN PELAJARAN 2026/2027
A62: NO | B62: KELAS | C62: P | D62: L | E62: JML | Q62: Leuwimunding, 14 Juli 2025
A63: 1 | B63: 7A | C63: 20 | D63: 12 | E63: =SUM(C63:D63) -> 32 | Q63: Plt. Kepala SMPN 3 Leuwimunding,
A64: 2 | B64: 7B | C64: 20 | D64: 12 | E64: =SUM(C64:D64) -> 32
A65: 3 | B65: 7C | C65: 20 | D65: 12 | E65: =SUM(C65:D65) -> 32
A66: 4 | B66: 7D | C66: 19 | D66: 13 | E66: =SUM(C66:D66) -> 32 | Q66: WARYA, S.Pd, M.Pd
A67: 5 | B67: 7E | C67: 20 | D67: 12 | E67: =SUM(C67:D67) -> 32 | Q67: Pembina Utama Muda
Q68: NIP. 196906141990051001
A69: JUMLAH | C69: =SUM(C63:C68) -> 99 | D69: =SUM(D63:D68) -> 61 | E69: =SUM(C69:D69) -> 160
A70: 6 | B70: 8A | C70: 16 | D70: 16 | E70: =SUM(C70:D70) -> 32
A71: 7 | B71: 8B | C71: 16 | D71: 16 | E71: =SUM(C71:D71) -> 32
A72: 8 | B72: 8C | C72: 16 | D72: 16 | E72: =SUM(C72:D72) -> 32
A73: 9 | B73: 8D | C73: 15 | D73: 17 | E73: =SUM(C73:D73) -> 32
A74: 10 | B74: 8E | C74: 14 | D74: 18 | E74: =SUM(C74:D74) -> 32
A76: JUMLAH | C76: =SUM(C70:C75) -> 77 | D76: =SUM(D70:D75) -> 83 | E76: =SUM(C76:D76) -> 160
A78: 11 | B78: 9A | C78: 20 | D78: 12 | E78: =SUM(C78:D78) -> 32
A79: 12 | B79: 9B | C79: 16 | D79: 16 | E79: =SUM(C79:D79) -> 32
A80: 13 | B80: 9C | C80: 16 | D80: 16 | E80: =SUM(C80:D80) -> 32
A81: 14 | B81: 9D | C81: 17 | D81: 11 | E81: =SUM(C81:D81) -> 28
A82: 15 | B82: 9E | C82: 15 | D82: 10 | E82: =SUM(C82:D82) -> 25
A85: JUMLAH | C85: =SUM(C78:C84) -> 84 | D85: =SUM(D78:D84) -> 65 | E85: =SUM(C85:D85) -> 149
A87: JUMLAH TOTAL | C87: =C69+C76+C85 -> 260 | D87: =D69+D76+D85 -> 209 | E87: =E69+E76+E85 -> 469
D88: Leuwimunding, 31 Juli 2026
D89: Kepala Sekolah,
D92: ADA ARMADA PAHLA, S.Pd, M.Pd
D93: Pembina Utama Muda
D94: NIP. 19700318199031008
A95: NB:
A96: 01-07-25 | B96: WILDAN MAULANA DZIKRI | C96: 2324.9.126 | D96: 9D | E96: SMPN1LMD
A97: 01-07-25 | B97: LOVELY PRIYANKA MAHARANI | C97: 2324.9.127 | D97: 9B | E97: PP PONDOK CINTA
A98: 01-07-25 | B98: SURYA PUTRA PRATAMA | C98: 2425.8.166 | D98: 8A | E98: SMPN1LMD
A99: 08-07-25 | B99: AMANDA | C99: 2425.8.167 | D99: 8E | E99: SMN 3 SINGINGILIR
A100: 14-07-25 | B100: REZKI | C100: 2425.8.168 | D100: 8E | E100: MTs ASSALAFI
A101: 15-07-25 | B101: MUHAMAD JAKARIA | C101: 2324.9.128 | D101: 9C | E101: SMPN 2 SINDANGWG
A102: 17-07-25 | B102: TIARA DEWI ANJANI | C102: 2425.7.164 | D102: 8E | E102: PAPUA
A104: PEMERINTAH KABUPATEN MAJALENGKA
A105: DINAS PENDIDIKAN
A106: SMP NEGERI 3 LEUWIMUNDING
A107: TERAKREDITASI “A” SK.Nomor: 1346/BAN-SM/SK/2021
A108: Alamat : Jalan Raya Parungjaya Leuwimunding Kab. Majalengka 45473 Tlp. (0233) 510066
A110: REKAPITULASI JUMLAH SISWA REAL
A111: SMP NEGERI 3 LEUWIMUNDING
A112: TAHUN PELAJARAN 2026/2027
A114: NO | B114: KELAS | C114: P | D114: L | E114: JML
A115: 1 | B115: 7A | C115: 15 | D115: 15 | E115: =SUM(C115:D115) -> 30
A116: 2 | B116: 7B | C116: 11 | D116: 16 | E116: =SUM(C116:D116) -> 27
A117: 3 | B117: 7C | C117: 12 | D117: 15 | E117: =SUM(C117:D117) -> 27
A118: 4 | B118: 7D | C118: 13 | D118: 14 | E118: =SUM(C118:D118) -> 27
A119: 5 | B119: 7E | C119: 14 | D119: 12 | E119: =SUM(C119:D119) -> 26
A120: 6 | B120: 7F | C120: 12 | D120: 15 | E120: =SUM(C120:D120) -> 27
A121: JUMLAH | C121: =SUM(C115:C120) -> 77 | D121: =SUM(D115:D120) -> 87 | E121: =SUM(C121:D121) -> 164
A122: 7 | B122: 8A | C122: 16 | D122: 16 | E122: =SUM(C122:D122) -> 32
A123: 8 | B123: 8B | C123: 18 | D123: 14 | E123: =SUM(C123:D123) -> 32
A124: 9 | B124: 8C | C124: 18 | D124: 14 | E124: =SUM(C124:D124) -> 32
A125: 10 | B125: 8D | C125: 18 | D125: 14 | E125: =SUM(C125:D125) -> 32
...

Sheet berkas
A1: PEMERINTAH KABUPATEN MAJALENGKA
A2: DINAS PENDIDIKAN
A3: SMP NEGERI 3 LEUWIMUNDING
A4: TERAKREDITASI “A” SK.Nomor: 02.00/692/BAP-SM/I/2017
A5: Alamat : Jalan Raya Parungjaya Leuwimunding Kab. Majalengka 45473 Tlp. (0233) 510066
A7: DAFTAR KEKURANGAN BERKAS
A8: KELAS……………….
A10: NO | B10: NAMA | C10: IJASAH | D10: SKHUN | E10: KIP/PKH/SKTM | F10: AKTE | G10: KK | H10: KTP | I10: KET
A11: 1
A12: 2
A13: 3
A14: 4
A15: 5
A16: 6
A17: 7
A18: 8
A19: 9
A20: 10
A21: 11
A22: 12
... A42: 32
F43: Leuwimunding, Januari 2021
F44: Wali Kelas,
F49: (……………………………….)

Sheet WLKLS
A1: 7A | B1: IKA KARTIKA, S.Pd | C1: NIP. 199104112023212000 | D1: MARLIYANI, S.Pd | E1: NIP. 199608192023212020 | F1: HANY ENDRAWATI, S.Si. | G1: NIP. 198410032022212000
A2: 7B | B2: FATURROHMAN, S.Pd | C2: NIP. - | D2: IKA KARTIKA, S.Pd | E2: NIP. 199104112023212000 | F2: SULASTRI, S.Pd. | G2: NIP. 197808012008012012 | N2: Majalengka, 28 Oktober 1988
A3: 7C | B3: MARLIYANI, S.Pd | C3: NIP. 199608192023212020 | D3: HANY ENDRAWATI, S.Si. | E3: NIP. 198410032022212000 | F3: MARLIYANI, S.Pd | G3: NIP. 199608192023212020
A4: 7D | B4: HANY ENDRAWATI, S.Si. | C4: NIP. 198410032022212000 | D4: SITI NURHALIMAH, S.Pd.I. | E4: NIP. 198103052014062001 | F4: IKA KARTIKA, S.Pd | G4: NIP. 199104112023212000 | N4: Brebes, 7 September 1992
A5: 7E | B5: DIANA FITRIA, S.Pd | C5: NIP. 199502252024212014 | D5: DESY NOVIA ANDRIANI, S.Pd | E5: NIP. 199211192022212022 | F5: SITI NURHALIMAH, S.Pd.I. | G5: NIP. 198103052014062001 | N5: UNI ANDINI, S.E
D6: SRI HARTINI, S.Pd | E6: NIP. 197907052014062004 | F6: EVA RAHMAWATI, S.Pd. | G6: NIP. 199403252022212000 | N6: Majalengka, 24-09-1996
A7: 8A | B7: RINA PARISYANA | C7: NIP.199209072024212041 | D7: NUNUNG NURHAYANI, S.Pd | E7: NIP. 196807211992032006 | F7: DESY NOVIA ANDRIANI, S.Pd | G7: NIP. 199211192022212022
A8: 8B | B8: NUNUNG NURHAYANI, S.Pd | C8: NIP. 196807211992032006 | D8: Hj. IWA YUHARTI S.S | E8: NIP. 197510172007012007 | F8: RINA NINGSIH, S.Pd | G8: NIP. 199802252023212009 | N8: Majalengka, 19 Agustus 1996
A9: 8C | B9: ARIEF RAHMAN HAKIM, S.Pd.I, M.Pd.I | C9: NIP.- | D9: EVA RAHMAWATI, S.Pd. | E9: NIP. 199403252022212000 | F9: DIANA FITRIA, S.Pd | G9: NIP. 199502252024212014 | N9: NURHALIMAH, S.Sos.
A10: 8D | B10: ABDUL ROHMAN S.Pd | C10: NIP. 198903052023211019 | D10: RINA NINGSIH, S.Pd | E10: NIP. 199802252023212009 | F10: Hj. EHA JULAEHA, S.Pd. | G10: NIP. 198007162008012005 | N10: Majalengka, 5 November 1996
A11: 8E | B11: RINA NINGSIH, S.Pd | C11: NIP. 199802252023212009 | D11: ABDUL ROHMAN S.Pd | E11: NIP. 198903052023211019 | F11: NUNUNG NURHAYANI, S.Pd | G11: NIP. 196807211992032006 | N11: DEVI PRATIWI, S.Pd.
A12: 9A | B12: Hj. EHA JULAEHA, S.Pd. | C12: NIP. 198007162008012005 | D12: SULASTRI, S.Pd. | E12: NIP. 197808012008012012 | F12: RINA PARISYANA | G12: NIP.199209072024212041 | N12: Cirebon, 23 Agustus 1996
A13: 9B | B13: SULASTRI, S.Pd. | C13: NIP. 197808012008012012 | D13: Hj. EHA JULAEHA, S.Pd. | E13: NIP. 198007162008012005 | F13: NUNUNG NURHAYANI, S.Pd | G13: NIP. 196807211992032006 | N13: TATIK RAHMATIKA DEWI, S.E.
A14: 9C | B14: SITI NURHALIMAH, S.Pd.I. | C14: NIP. 198103052014062001 | D14: MOCH. HUSSNY F, S.Pd | E14: NIP. 198410022010011012 | F14: MOCH. HUSSNY F, S.Pd | G14: NIP. 198410022010011012 | N14: Majalengka, 26 Januari 1997
A15: 9D | B15: MOCH. HUSSNY F, S.Pd | C15: NIP. 198410022010011012 | D15: ARIEF RAHMAN HAKIM, S.Pd.I, M.Pd.I | E15: NIP.- | N15: SEPTIAN SULAEMAN MUHAMMAD
A16: 9E | B16: Hj. IWA YUHARTI S.S | C16: NIP. 197510172007012007 | N16: Majalengka, 10 September 1998
N17: KUSWARA, S.Pd.
N18: Majalengka, 15 September 1992
N20: Majalengka,25-02-1998
N22: Majalengka, 05-03-1989
N24: Majalengka, 16-08-1997

Sheet Laporan
A1: KEADAAN SISWA
A2: SMP NEGERI 3 LEUWIMUNDING
A3: TAHUN PELAJARAN 2025 / 2026
A5: Nama Sekolah | C5: : SMP Negeri 3 Leuwimunding
A6: NPSN | C6: : 20213901
A7: Status | C7: : Negeri
A8: Akreditasi | C8: : A
A10: No | B10: Kelas VII | D10: Jumlah | E10: Rombel | F10: Kelas VIII | H10: Jumlah | I10: Rombel | J10: Kelas IX | L10: Jumlah | M10: Rombel | N10: Jumlah | Q10: ROMBEL
B11: L | C11: P | F11: L | G11: P | J11: L | K11: P | Q11: 7 | R11: 8 | S11: 9 | T11: JML
A12: 1 | B12: 61 | C12: 99 | D12: =B12+C12 -> 160 | E12: 5 | F12: 83 | G12: 77 | H12: =F12+G12 -> 160 | I12: 5 | J12: 65 | K12: 85 | L12: =J12+K12 -> 150 | M12: 5 | N12: =L12+H12+D12 -> 470 | Q12: =D12/32 -> 5 | R12: =H12/32 -> 5 | S12: =L12/32 -> 4.6875 | T12: =N12/32 -> 14.6875
J16: Leuwimunding, 11 Juli 2026
J17: Kepala Sekolah,
J22: ADA ARMADA PAHLA, S.Pd, M.Pd
J23: Pembina Utama Muda
J24: NIP. 197003181999031008
